cell_seconds,checksum,estimator,fit_seconds,implementation,k,library_version,memory_cap_bytes,n,peak_rss_bytes,predicted_peak_bytes,python,status,stderr_tail,timeout_seconds,timestamp_utc,wall_seconds
0.0024575423449277878,0.0,ABCOLS,0.0004045013338327408,crabbymetrics,5,0.8.2,1960706048,1000,12156928,201646592,3.12.9,ok,,15.0,2026-08-26T00:54:24.158854+00:00,0.12200312316417694
0.006990334019064903,0.0,ABCOLS,0.004639081656932831,crabbymetrics,5,0.8.2,1960706048,10000,51003392,204526592,3.12.9,ok,,15.0,2026-08-26T00:54:24.281110+00:00,0.12366441637277603
0.054324956610798836,0.0,ABCOLS,0.04890233092010021,crabbymetrics,5,0.8.2,1960706048,100000,118079488,233326592,3.12.9,ok,,15.0,2026-08-26T00:54:24.404892+00:00,0.13159725069999695
1.0993934161961079,0.0,ABCOLS,1.0670643765479326,crabbymetrics,5,0.8.2,1960706048,1000000,792690688,521326592,3.12.9,ok,,15.0,2026-08-26T00:54:24.536603+00:00,1.185742499306798
,,ABCOLS,,crabbymetrics,5,,1960706048,10000000,0,3401326592,,preflight_oom,,15.0,2026-08-26T00:54:25.722482+00:00,
0.002657916396856308,0.0,ABCOLS,0.0005889590829610825,crabbymetrics,10,0.8.2,1960706048,1000,35995648,201966592,3.12.9,ok,,15.0,2026-08-26T00:54:25.722506+00:00,0.19326716661453247
0.01005733385682106,0.0,ABCOLS,0.007594499737024307,crabbymetrics,10,0.8.2,1960706048,10000,52166656,207726592,3.12.9,ok,,15.0,2026-08-26T00:54:25.915883+00:00,0.1320661250501871
0.10540487617254257,0.0,ABCOLS,0.09809308312833309,crabbymetrics,10,0.8.2,1960706048,100000,146014208,265326592,3.12.9,ok,,15.0,2026-08-26T00:54:26.048075+00:00,0.19464670680463314
2.0351478308439255,0.0,ABCOLS,1.9823277480900288,crabbymetrics,10,0.8.2,1960706048,1000000,1072840704,841326592,3.12.9,ok,,15.0,2026-08-26T00:54:26.242841+00:00,2.1455738320946693
,,ABCOLS,,crabbymetrics,10,,1960706048,10000000,0,6601326592,,preflight_oom,,15.0,2026-08-26T00:54:28.388538+00:00,
0.003925584256649017,0.0,ABCOLS,0.001875249668955803,crabbymetrics,20,0.8.2,1960706048,1000,9568256,202606592,3.12.9,ok,,15.0,2026-08-26T00:54:28.388563+00:00,0.13070550002157688
0.022245999425649643,0.0,ABCOLS,0.018788250163197517,crabbymetrics,20,0.8.2,1960706048,10000,59080704,214126592,3.12.9,ok,,15.0,2026-08-26T00:54:28.519376+00:00,0.13225446082651615
0.3411697093397379,0.0,ABCOLS,0.32973679155111313,crabbymetrics,20,0.8.2,1960706048,100000,202555392,329326592,3.12.9,ok,,15.0,2026-08-26T00:54:28.651733+00:00,0.4555054157972336
5.672078333795071,0.0,ABCOLS,5.5731292478740215,crabbymetrics,20,0.8.2,1960706048,1000000,1633173504,1481326592,3.12.9,ok,,15.0,2026-08-26T00:54:29.107346+00:00,5.758157581090927
,,ABCOLS,,crabbymetrics,20,,1960706048,10000000,0,13001326592,,preflight_oom,,15.0,2026-08-26T00:54:34.865696+00:00,
0.006128540262579918,0.0,ABCOLS,0.003980457782745361,crabbymetrics,50,0.8.2,1960706048,1000,29933568,204526592,3.12.9,ok,,15.0,2026-08-26T00:54:34.865726+00:00,0.12764541618525982
0.056628040969371796,0.0,ABCOLS,0.0522143729031086,crabbymetrics,50,0.8.2,1960706048,10000,75907072,233326592,3.12.9,ok,,15.0,2026-08-26T00:54:34.993476+00:00,0.13214416801929474
1.432990251109004,0.0,ABCOLS,1.4082233346998692,crabbymetrics,50,0.8.2,1960706048,100000,370229248,521326592,3.12.9,ok,,15.0,2026-08-26T00:54:35.125733+00:00,1.5020667519420385
,,ABCOLS,,crabbymetrics,50,,1960706048,1000000,0,3401326592,,preflight_oom,,15.0,2026-08-26T00:54:36.627921+00:00,
,,ABCOLS,,crabbymetrics,50,,,10000000,,,,pruned_after_failure,,,,
0.015736039727926254,0.0,ABCOLS,0.013261040672659874,crabbymetrics,100,0.8.2,1960706048,1000,49659904,207726592,3.12.9,ok,,15.0,2026-08-26T00:54:36.627942+00:00,0.13112050108611584
0.1657422073185444,0.0,ABCOLS,0.1593957096338272,crabbymetrics,100,0.8.2,1960706048,10000,104071168,265326592,3.12.9,ok,,15.0,2026-08-26T00:54:36.759162+00:00,0.2592427507042885
5.043559167534113,0.0,ABCOLS,4.998956125229597,crabbymetrics,100,0.8.2,1960706048,100000,650657792,841326592,3.12.9,ok,,15.0,2026-08-26T00:54:37.018520+00:00,5.1503643319010735
,,ABCOLS,,crabbymetrics,100,,1960706048,1000000,0,6601326592,,preflight_oom,,15.0,2026-08-26T00:54:42.169030+00:00,
,,ABCOLS,,crabbymetrics,100,,,10000000,,,,pruned_after_failure,,,,
0.0020649172365665436,0.0,OLS,8.86227935552597e-05,crabbymetrics,5,0.8.2,1960706048,1000,9453568,201526592,3.12.9,ok,,15.0,2026-08-26T00:54:42.169073+00:00,0.1310698762536049
0.0025691259652376175,0.0,OLS,0.00036216527223587036,crabbymetrics,5,0.8.2,1960706048,10000,9306112,203326592,3.12.9,ok,,15.0,2026-08-26T00:54:42.300246+00:00,0.13102229125797749
0.00777704082429409,0.0,OLS,0.0029550008475780487,crabbymetrics,5,0.8.2,1960706048,100000,70352896,221326592,3.12.9,ok,,15.0,2026-08-26T00:54:42.431371+00:00,0.13084912486374378
0.06158879026770592,0.0,OLS,0.032690251246094704,crabbymetrics,5,0.8.2,1960706048,1000000,70123520,401326592,3.12.9,ok,,15.0,2026-08-26T00:54:42.562318+00:00,0.13166816718876362
,,OLS,,crabbymetrics,5,,1960706048,10000000,0,2201326592,,preflight_oom,,15.0,2026-08-26T00:54:42.694088+00:00,
0.002086292952299118,0.0,OLS,0.00011154264211654663,crabbymetrics,10,0.8.2,1960706048,1000,43843584,201726592,3.12.9,ok,,15.0,2026-08-26T00:54:42.694107+00:00,0.12509237602353096
0.003200247883796692,0.0,OLS,0.0007700417190790176,crabbymetrics,10,0.8.2,1960706048,10000,11223040,205326592,3.12.9,ok,,15.0,2026-08-26T00:54:42.819295+00:00,0.1321999616920948
0.013744460418820381,0.0,OLS,0.006804248318076134,crabbymetrics,10,0.8.2,1960706048,100000,90472448,241326592,3.12.9,ok,,15.0,2026-08-26T00:54:42.951607+00:00,0.13228191435337067
0.13308091647922993,0.0,OLS,0.08441579155623913,crabbymetrics,10,0.8.2,1960706048,1000000,394084352,601326592,3.12.9,ok,,15.0,2026-08-26T00:54:43.083993+00:00,0.2612332496792078
,,OLS,,crabbymetrics,10,,1960706048,10000000,0,4201326592,,preflight_oom,,15.0,2026-08-26T00:54:43.345333+00:00,
0.002207750454545021,0.0,OLS,0.00019466504454612732,crabbymetrics,20,0.8.2,1960706048,1000,12107776,202126592,3.12.9,ok,,15.0,2026-08-26T00:54:43.345350+00:00,0.06669808179140091
0.004657581448554993,0.0,OLS,0.0018347930163145065,crabbymetrics,20,0.8.2,1960706048,10000,9945088,209326592,3.12.9,ok,,15.0,2026-08-26T00:54:43.412153+00:00,0.13036200031638145
0.03155574947595596,0.0,OLS,0.020114582031965256,crabbymetrics,20,0.8.2,1960706048,100000,91684864,281326592,3.12.9,ok,,15.0,2026-08-26T00:54:43.542626+00:00,0.1307978332042694
0.37532741762697697,0.0,OLS,0.2854517474770546,crabbymetrics,20,0.8.2,1960706048,1000000,907952128,1001326592,3.12.9,ok,,15.0,2026-08-26T00:54:43.673539+00:00,0.4578347112983465
,,OLS,,crabbymetrics,20,,1960706048,10000000,0,8201326592,,preflight_oom,,15.0,2026-08-26T00:54:44.131490+00:00,
0.002815583720803261,0.0,OLS,0.0007224585860967636,crabbymetrics,50,0.8.2,1960706048,1000,12124160,203326592,3.12.9,ok,,15.0,2026-08-26T00:54:44.131509+00:00,0.06691495887935162
0.012192290276288986,0.0,OLS,0.008062917739152908,crabbymetrics,50,0.8.2,1960706048,10000,64192512,221326592,3.12.9,ok,,15.0,2026-08-26T00:54:44.198525+00:00,0.13050354272127151
0.11315833404660225,0.0,OLS,0.08968358300626278,crabbymetrics,50,0.8.2,1960706048,100000,250200064,401326592,3.12.9,ok,,15.0,2026-08-26T00:54:44.329134+00:00,0.19627933390438557
,,OLS,,crabbymetrics,50,,1960706048,1000000,0,2201326592,,preflight_oom,,15.0,2026-08-26T00:54:44.525524+00:00,
,,OLS,,crabbymetrics,50,,,10000000,,,,pruned_after_failure,,,,
0.004673333838582039,0.0,OLS,0.0023336652666330338,crabbymetrics,100,0.8.2,1960706048,1000,11255808,205326592,3.12.9,ok,,15.0,2026-08-26T00:54:44.525541+00:00,0.1322830393910408
0.034032585099339485,0.0,OLS,0.027810750529170036,crabbymetrics,100,0.8.2,1960706048,10000,83755008,241326592,3.12.9,ok,,15.0,2026-08-26T00:54:44.657923+00:00,0.1322864145040512
0.36338420771062374,0.0,OLS,0.31967658177018166,crabbymetrics,100,0.8.2,1960706048,100000,450019328,601326592,3.12.9,ok,,15.0,2026-08-26T00:54:44.790326+00:00,0.4583038315176964
,,OLS,,crabbymetrics,100,,1960706048,1000000,0,4201326592,,preflight_oom,,15.0,2026-08-26T00:54:45.248746+00:00,
,,OLS,,crabbymetrics,100,,,10000000,,,,pruned_after_failure,,,,
7.5429224986582994,1.357005364286148,OLS,0.0005116648972034454,sklearn-linear-regression,5,1.9.0,1960706048,1000,166379520,201526592,3.12.9,ok,,15.0,2026-08-26T00:54:45.248768+00:00,7.687926789745688
0.6509171240031719,1.3425702218245303,OLS,0.0008063334971666336,sklearn-linear-regression,5,1.9.0,1960706048,10000,166936576,203326592,3.12.9,ok,,15.0,2026-08-26T00:54:52.936843+00:00,0.7845515385270119
0.6486336663365364,1.3424482809845315,OLS,0.005275292322039604,sklearn-linear-regression,5,1.9.0,1960706048,100000,181485568,221326592,3.12.9,ok,,15.0,2026-08-26T00:54:53.721518+00:00,0.7718907073140144
0.718707375228405,1.3421399966299203,OLS,0.04324316792190075,sklearn-linear-regression,5,1.9.0,1960706048,1000000,332414976,401326592,3.12.9,ok,,15.0,2026-08-26T00:54:54.493534+00:00,0.8492217510938644
,,OLS,,sklearn-linear-regression,5,,1960706048,10000000,0,2201326592,,preflight_oom,,15.0,2026-08-26T00:54:55.342882+00:00,
0.6417319588363171,1.8303424654260283,OLS,0.0004693344235420227,sklearn-linear-regression,10,1.9.0,1960706048,1000,166428672,201726592,3.12.9,ok,,15.0,2026-08-26T00:54:55.342902+00:00,0.7851948328316212
0.652196416631341,1.885761609814251,OLS,0.0011878740042448044,sklearn-linear-regression,10,1.9.0,1960706048,10000,167657472,205326592,3.12.9,ok,,15.0,2026-08-26T00:54:56.128209+00:00,0.78558100014925
0.6657392922788858,1.9068612799597218,OLS,0.008439164608716965,sklearn-linear-regression,10,1.9.0,1960706048,100000,193511424,241326592,3.12.9,ok,,15.0,2026-08-26T00:54:56.913915+00:00,0.8362394999712706
0.7774005010724068,1.89795935872725,OLS,0.08715262450277805,sklearn-linear-regression,10,1.9.0,1960706048,1000000,449216512,601326592,3.12.9,ok,,15.0,2026-08-26T00:54:57.750274+00:00,0.9151462502777576
,,OLS,,sklearn-linear-regression,10,,1960706048,10000000,0,4201326592,,preflight_oom,,15.0,2026-08-26T00:54:58.665543+00:00,
0.6413658317178488,2.8539363237043123,OLS,0.0006267093122005463,sklearn-linear-regression,20,1.9.0,1960706048,1000,166428672,202126592,3.12.9,ok,,15.0,2026-08-26T00:54:58.665564+00:00,0.7748165410012007
0.6643114145845175,2.630796381047978,OLS,0.002076501026749611,sklearn-linear-regression,20,1.9.0,1960706048,10000,171884544,209326592,3.12.9,ok,,15.0,2026-08-26T00:54:59.440496+00:00,0.8377268761396408
0.7354874573647976,2.703646723693276,OLS,0.019580749794840813,sklearn-linear-regression,20,1.9.0,1960706048,100000,219185152,281326592,3.12.9,ok,,15.0,2026-08-26T00:55:00.278349+00:00,0.8932505398988724
0.9869352914392948,2.68351303718258,OLS,0.23299704305827618,sklearn-linear-regression,20,1.9.0,1960706048,1000000,707297280,1001326592,3.12.9,ok,,15.0,2026-08-26T00:55:01.171724+00:00,1.1498753726482391
,,OLS,,sklearn-linear-regression,20,,1960706048,10000000,0,8201326592,,preflight_oom,,15.0,2026-08-26T00:55:02.321731+00:00,
0.6538459565490484,4.422180842803616,OLS,0.006276831030845642,sklearn-linear-regression,50,1.9.0,1960706048,1000,166428672,203326592,3.12.9,ok,,15.0,2026-08-26T00:55:02.321751+00:00,0.8376859612762928
0.6518619563430548,4.285873396700351,OLS,0.0054035428911447525,sklearn-linear-regression,50,1.9.0,1960706048,10000,178438144,221326592,3.12.9,ok,,15.0,2026-08-26T00:55:03.159545+00:00,0.7875789161771536
0.7347037475556135,4.207689127705208,OLS,0.07072550058364868,sklearn-linear-regression,50,1.9.0,1960706048,100000,293453824,401326592,3.12.9,ok,,15.0,2026-08-26T00:55:03.947246+00:00,0.9066346660256386
,,OLS,,sklearn-linear-regression,50,,1960706048,1000000,0,2201326592,,preflight_oom,,15.0,2026-08-26T00:55:04.854004+00:00,
,,OLS,,sklearn-linear-regression,50,,,10000000,,,,pruned_after_failure,,,,
0.6928590387105942,5.726768033472399,OLS,0.0033487919718027115,sklearn-linear-regression,100,1.9.0,1960706048,1000,167542784,205326592,3.12.9,ok,,15.0,2026-08-26T00:55:04.854024+00:00,0.8418356236070395
0.6889785006642342,5.9675479984649415,OLS,0.014955207705497742,sklearn-linear-regression,100,1.9.0,1960706048,10000,191037440,241326592,3.12.9,ok,,15.0,2026-08-26T00:55:05.695984+00:00,0.819450544193387
1.3583570402115583,6.042578448254183,OLS,0.24584624730050564,sklearn-linear-regression,100,1.9.0,1960706048,100000,419807232,601326592,3.12.9,ok,,15.0,2026-08-26T00:55:06.515575+00:00,1.496533539146185
,,OLS,,sklearn-linear-regression,100,,1960706048,1000000,0,4201326592,,preflight_oom,,15.0,2026-08-26T00:55:08.012235+00:00,
,,OLS,,sklearn-linear-regression,100,,,10000000,,,,pruned_after_failure,,,,
0.0024527907371520996,0.0,FixedEffectsOLS,0.00041799992322921753,crabbymetrics,5,0.8.2,1960706048,1000,45023232,201646592,3.12.9,ok,,15.0,2026-08-26T00:55:08.012262+00:00,0.12634474784135818
0.0032357070595026016,0.0,FixedEffectsOLS,0.0009508766233921051,crabbymetrics,5,0.8.2,1960706048,10000,9404416,204526592,3.12.9,ok,,15.0,2026-08-26T00:55:08.138711+00:00,0.13115866295993328
0.013457709923386574,0.0,FixedEffectsOLS,0.008302625268697739,crabbymetrics,5,0.8.2,1960706048,100000,83935232,233326592,3.12.9,ok,,15.0,2026-08-26T00:55:08.269980+00:00,0.13072624988853931
0.11719383299350739,0.0,FixedEffectsOLS,0.08662645891308784,crabbymetrics,5,0.8.2,1960706048,1000000,416333824,521326592,3.12.9,ok,,15.0,2026-08-26T00:55:08.400820+00:00,0.19833887740969658
,,FixedEffectsOLS,,crabbymetrics,5,,1960706048,10000000,0,3401326592,,preflight_oom,,15.0,2026-08-26T00:55:08.599278+00:00,
0.0025190431624650955,0.0,FixedEffectsOLS,0.000377582386136055,crabbymetrics,10,0.8.2,1960706048,1000,9306112,201966592,3.12.9,ok,,15.0,2026-08-26T00:55:08.599299+00:00,0.1297158319503069
0.004506248980760574,0.0,FixedEffectsOLS,0.001941915601491928,crabbymetrics,10,0.8.2,1960706048,10000,11059200,207726592,3.12.9,ok,,15.0,2026-08-26T00:55:08.729120+00:00,0.13154945895075798
0.02751520834863186,0.0,FixedEffectsOLS,0.02034895494580269,crabbymetrics,10,0.8.2,1960706048,100000,116211712,265326592,3.12.9,ok,,15.0,2026-08-26T00:55:08.860777+00:00,0.1337429154664278
0.36841549910604954,0.0,FixedEffectsOLS,0.31736754439771175,crabbymetrics,10,0.8.2,1960706048,1000000,742522880,841326592,3.12.9,ok,,15.0,2026-08-26T00:55:08.994632+00:00,0.45287829264998436
,,FixedEffectsOLS,,crabbymetrics,10,,1960706048,10000000,0,6601326592,,preflight_oom,,15.0,2026-08-26T00:55:09.447637+00:00,
0.002718251198530197,0.0,FixedEffectsOLS,0.000604584813117981,crabbymetrics,20,0.8.2,1960706048,1000,9306112,202606592,3.12.9,ok,,15.0,2026-08-26T00:55:09.447657+00:00,0.13105354085564613
0.009003501385450363,0.0,FixedEffectsOLS,0.006115416064858437,crabbymetrics,20,0.8.2,1960706048,10000,57950208,214126592,3.12.9,ok,,15.0,2026-08-26T00:55:09.578812+00:00,0.13219241611659527
0.0888807475566864,0.0,FixedEffectsOLS,0.07757250033318996,crabbymetrics,20,0.8.2,1960706048,100000,181321728,329326592,3.12.9,ok,,15.0,2026-08-26T00:55:09.711119+00:00,0.196838166564703
1.840666415169835,0.0,FixedEffectsOLS,1.7481899987906218,crabbymetrics,20,0.8.2,1960706048,1000000,1383055360,1481326592,3.12.9,ok,,15.0,2026-08-26T00:55:09.908078+00:00,1.9690795000642538
,,FixedEffectsOLS,,crabbymetrics,20,,1960706048,10000000,0,13001326592,,preflight_oom,,15.0,2026-08-26T00:55:11.877288+00:00,
0.004485750570893288,0.0,FixedEffectsOLS,0.002114875242114067,crabbymetrics,50,0.8.2,1960706048,1000,35848192,204526592,3.12.9,ok,,15.0,2026-08-26T00:55:11.877309+00:00,0.1965196691453457
0.036858582869172096,0.0,FixedEffectsOLS,0.03246325068175793,crabbymetrics,50,0.8.2,1960706048,10000,77463552,233326592,3.12.9,ok,,15.0,2026-08-26T00:55:12.073928+00:00,0.13112379238009453
0.8300352469086647,0.0,FixedEffectsOLS,0.8052792921662331,crabbymetrics,50,0.8.2,1960706048,100000,373538816,521326592,3.12.9,ok,,15.0,2026-08-26T00:55:12.205163+00:00,0.9216461665928364
,,FixedEffectsOLS,,crabbymetrics,50,,1960706048,1000000,0,3401326592,,preflight_oom,,15.0,2026-08-26T00:55:13.126928+00:00,
,,FixedEffectsOLS,,crabbymetrics,50,,,10000000,,,,pruned_after_failure,,,,
0.008861750364303589,0.0,FixedEffectsOLS,0.006369082257151604,crabbymetrics,100,0.8.2,1960706048,1000,51347456,207726592,3.12.9,ok,,15.0,2026-08-26T00:55:13.126954+00:00,0.13248116709291935
0.12149808555841446,0.0,FixedEffectsOLS,0.11504379101097584,crabbymetrics,100,0.8.2,1960706048,10000,109887488,265326592,3.12.9,ok,,15.0,2026-08-26T00:55:13.259537+00:00,0.19566974975168705
3.9859263319522142,0.0,FixedEffectsOLS,3.9401401672512293,crabbymetrics,100,0.8.2,1960706048,100000,694730752,841326592,3.12.9,ok,,15.0,2026-08-26T00:55:13.455322+00:00,4.087647456675768
,,FixedEffectsOLS,,crabbymetrics,100,,1960706048,1000000,0,6601326592,,preflight_oom,,15.0,2026-08-26T00:55:17.543108+00:00,
,,FixedEffectsOLS,,crabbymetrics,100,,,10000000,,,,pruned_after_failure,,,,
11.766327038407326,1.3467840381810627,FixedEffectsOLS,2.9779756255447865,pyfixest-feols,5,0.50.1,1960706048,1000,367804416,201646592,3.12.9,ok,,15.0,2026-08-26T00:55:17.543131+00:00,12.140100000426173
2.2295051645487547,1.3315340654961758,FixedEffectsOLS,1.2835714165121317,pyfixest-feols,5,0.50.1,1960706048,10000,371671040,204526592,3.12.9,ok,,15.0,2026-08-26T00:55:29.683408+00:00,2.584226166829467
2.263690833002329,1.3421351810961535,FixedEffectsOLS,1.309161501005292,pyfixest-feols,5,0.50.1,1960706048,100000,430276608,233326592,3.12.9,ok,,15.0,2026-08-26T00:55:32.267771+00:00,2.57687920704484
2.404342958703637,1.3420732467591325,FixedEffectsOLS,1.4144214168190956,pyfixest-feols,5,0.50.1,1960706048,1000000,1025097728,521326592,3.12.9,ok,,15.0,2026-08-26T00:55:34.844792+00:00,2.7153326272964478
,,FixedEffectsOLS,,pyfixest-feols,5,,1960706048,10000000,0,3401326592,,preflight_oom,,15.0,2026-08-26T00:55:37.560260+00:00,
2.2303002923727036,1.8244563053837008,FixedEffectsOLS,1.288062959909439,pyfixest-feols,10,0.50.1,1960706048,1000,368361472,201966592,3.12.9,ok,,15.0,2026-08-26T00:55:37.560279+00:00,2.578757915645838
2.234130669385195,1.883383179753777,FixedEffectsOLS,1.2878705002367496,pyfixest-feols,10,0.50.1,1960706048,10000,376143872,207726592,3.12.9,ok,,15.0,2026-08-26T00:55:40.139165+00:00,2.576950127258897
2.255121126770973,1.907438925773417,FixedEffectsOLS,1.298911040648818,pyfixest-feols,10,0.50.1,1960706048,100000,466354176,265326592,3.12.9,ok,,15.0,2026-08-26T00:55:42.716257+00:00,2.6001830399036407
2.496711418032646,1.8979188020434106,FixedEffectsOLS,1.4859187081456184,pyfixest-feols,10,0.50.1,1960706048,1000000,1456291840,841326592,3.12.9,ok,,15.0,2026-08-26T00:55:45.316579+00:00,2.8217022083699703
,,FixedEffectsOLS,,pyfixest-feols,10,,1960706048,10000000,0,6601326592,,preflight_oom,,15.0,2026-08-26T00:55:48.138419+00:00,
2.5893392097204924,2.767431528458141,FixedEffectsOLS,1.3046834170818329,pyfixest-feols,20,0.50.1,1960706048,1000,367673344,202606592,3.12.9,ok,,15.0,2026-08-26T00:55:48.138441+00:00,2.9576916247606277
2.2481395434588194,2.6301645083535083,FixedEffectsOLS,1.2890761271119118,pyfixest-feols,20,0.50.1,1960706048,10000,381190144,214126592,3.12.9,ok,,15.0,2026-08-26T00:55:51.096260+00:00,2.5867517925798893
2.2745808735489845,2.7010917832790993,FixedEffectsOLS,1.3073278330266476,pyfixest-feols,20,0.50.1,1960706048,100000,542490624,329326592,3.12.9,ok,,15.0,2026-08-26T00:55:53.683149+00:00,2.640156291425228
,,FixedEffectsOLS,,pyfixest-feols,20,,1960706048,1000000,2126397440,1481326592,,killed_rss_guard,,15.0,2026-08-26T00:55:56.323440+00:00,2.5998197086155415
,,FixedEffectsOLS,,pyfixest-feols,20,,,10000000,,,,pruned_after_failure,,,,
2.300714084878564,4.4205856717901,FixedEffectsOLS,1.2919046245515347,pyfixest-feols,50,0.50.1,1960706048,1000,370589696,204526592,3.12.9,ok,,15.0,2026-08-26T00:55:58.923375+00:00,2.7213260419666767
2.2273762486875057,4.304110947599792,FixedEffectsOLS,1.2800037916749716,pyfixest-feols,50,0.50.1,1960706048,10000,407158784,233326592,3.12.9,ok,,15.0,2026-08-26T00:56:01.644841+00:00,2.583351291716099
2.314642582088709,4.207118933100057,FixedEffectsOLS,1.3297759164124727,pyfixest-feols,50,0.50.1,1960706048,100000,772603904,521326592,3.12.9,ok,,15.0,2026-08-26T00:56:04.228325+00:00,2.624127956107259
,,FixedEffectsOLS,,pyfixest-feols,50,,1960706048,1000000,0,3401326592,,preflight_oom,,15.0,2026-08-26T00:56:06.852590+00:00,
,,FixedEffectsOLS,,pyfixest-feols,50,,,10000000,,,,pruned_after_failure,,,,
2.220314832404256,5.7136742841807795,FixedEffectsOLS,1.2872594986110926,pyfixest-feols,100,0.50.1,1960706048,1000,375980032,207726592,3.12.9,ok,,15.0,2026-08-26T00:56:06.852610+00:00,2.5860695391893387
2.2409240808337927,5.9731680452168625,FixedEffectsOLS,1.2920167930424213,pyfixest-feols,100,0.50.1,1960706048,10000,444334080,265326592,3.12.9,ok,,15.0,2026-08-26T00:56:09.438804+00:00,2.583842331543565
2.379731459543109,6.045026975731097,FixedEffectsOLS,1.372186042368412,pyfixest-feols,100,0.50.1,1960706048,100000,1138098176,841326592,3.12.9,ok,,15.0,2026-08-26T00:56:12.022780+00:00,2.7248202487826347
,,FixedEffectsOLS,,pyfixest-feols,100,,1960706048,1000000,0,6601326592,,preflight_oom,,15.0,2026-08-26T00:56:14.747741+00:00,
,,FixedEffectsOLS,,pyfixest-feols,100,,,10000000,,,,pruned_after_failure,,,,
,1.2367,FixedEffectsOLS,0.093,r-fixest-feols,5,R version 4.5.0 (2025-04-11),1960706048,1000,88260608,201646592,,ok,,15.0,2026-08-26T00:56:14.747762+00:00,0.578065374866128
,1.345,FixedEffectsOLS,0.071,r-fixest-feols,5,R version 4.5.0 (2025-04-11),1960706048,10000,93175808,204526592,,ok,,15.0,2026-08-26T00:56:15.326007+00:00,0.19632141664624214
,1.3405,FixedEffectsOLS,0.077,r-fixest-feols,5,R version 4.5.0 (2025-04-11),1960706048,100000,103071744,233326592,,ok,,15.0,2026-08-26T00:56:15.522479+00:00,0.19417766481637955
,1.3433,FixedEffectsOLS,0.21,r-fixest-feols,5,R version 4.5.0 (2025-04-11),1960706048,1000000,386809856,521326592,,ok,,15.0,2026-08-26T00:56:15.716807+00:00,0.4517202917486429
,,FixedEffectsOLS,,r-fixest-feols,5,,1960706048,10000000,0,3401326592,,preflight_oom,,15.0,2026-08-26T00:56:16.168681+00:00,
,2.0002,FixedEffectsOLS,0.071,r-fixest-feols,10,R version 4.5.0 (2025-04-11),1960706048,1000,92536832,201966592,,ok,,15.0,2026-08-26T00:56:16.168700+00:00,0.1977670844644308
,1.8963,FixedEffectsOLS,0.069,r-fixest-feols,10,R version 4.5.0 (2025-04-11),1960706048,10000,86982656,207726592,,ok,,15.0,2026-08-26T00:56:16.366625+00:00,0.19634816609323025
,1.9239,FixedEffectsOLS,0.087,r-fixest-feols,10,R version 4.5.0 (2025-04-11),1960706048,100000,103055360,265326592,,ok,,15.0,2026-08-26T00:56:16.563134+00:00,0.2618062924593687
,1.8977,FixedEffectsOLS,0.318,r-fixest-feols,10,R version 4.5.0 (2025-04-11),1960706048,1000000,614334464,841326592,,ok,,15.0,2026-08-26T00:56:16.825088+00:00,0.6567266248166561
,,FixedEffectsOLS,,r-fixest-feols,10,,1960706048,10000000,0,6601326592,,preflight_oom,,15.0,2026-08-26T00:56:17.481979+00:00,
,2.7963,FixedEffectsOLS,0.069,r-fixest-feols,20,R version 4.5.0 (2025-04-11),1960706048,1000,85311488,202606592,,ok,,15.0,2026-08-26T00:56:17.481998+00:00,0.19640666618943214
,2.6724,FixedEffectsOLS,0.073,r-fixest-feols,20,R version 4.5.0 (2025-04-11),1960706048,10000,89210880,214126592,,ok,,15.0,2026-08-26T00:56:17.678549+00:00,0.1950492076575756
,2.6744,FixedEffectsOLS,0.137,r-fixest-feols,20,R version 4.5.0 (2025-04-11),1960706048,100000,156909568,329326592,,ok,,15.0,2026-08-26T00:56:17.873755+00:00,0.32620270922780037
,2.6814,FixedEffectsOLS,0.586,r-fixest-feols,20,R version 4.5.0 (2025-04-11),1960706048,1000000,1042006016,1481326592,,ok,,15.0,2026-08-26T00:56:18.200108+00:00,1.0835966262966394
,,FixedEffectsOLS,,r-fixest-feols,20,,1960706048,10000000,0,13001326592,,preflight_oom,,15.0,2026-08-26T00:56:19.283863+00:00,
,4.3531,FixedEffectsOLS,0.071,r-fixest-feols,50,R version 4.5.0 (2025-04-11),1960706048,1000,95617024,204526592,,ok,,15.0,2026-08-26T00:56:19.283882+00:00,0.19185404106974602
,4.1002,FixedEffectsOLS,0.088,r-fixest-feols,50,R version 4.5.0 (2025-04-11),1960706048,10000,93093888,233326592,,ok,,15.0,2026-08-26T00:56:19.475887+00:00,0.1971448753029108
,4.2262,FixedEffectsOLS,0.286,r-fixest-feols,50,R version 4.5.0 (2025-04-11),1960706048,100000,300564480,521326592,,ok,,15.0,2026-08-26T00:56:19.673178+00:00,0.5102450400590897
,,FixedEffectsOLS,,r-fixest-feols,50,,1960706048,1000000,0,3401326592,,preflight_oom,,15.0,2026-08-26T00:56:20.183567+00:00,
,,FixedEffectsOLS,,r-fixest-feols,50,,,10000000,,,,pruned_after_failure,,,,
,5.9507,FixedEffectsOLS,0.077,r-fixest-feols,100,R version 4.5.0 (2025-04-11),1960706048,1000,88162304,207726592,,ok,,15.0,2026-08-26T00:56:20.183583+00:00,0.197095250710845
,5.8481,FixedEffectsOLS,0.137,r-fixest-feols,100,R version 4.5.0 (2025-04-11),1960706048,10000,136806400,265326592,,ok,,15.0,2026-08-26T00:56:20.380820+00:00,0.25450437515974045
,5.9822,FixedEffectsOLS,0.768,r-fixest-feols,100,R version 4.5.0 (2025-04-11),1960706048,100000,518799360,841326592,,ok,,15.0,2026-08-26T00:56:20.635573+00:00,1.0996182914823294
,,FixedEffectsOLS,,r-fixest-feols,100,,1960706048,1000000,0,6601326592,,preflight_oom,,15.0,2026-08-26T00:56:21.735369+00:00,
,,FixedEffectsOLS,,r-fixest-feols,100,,,10000000,,,,pruned_after_failure,,,,
0.3223649151623249,0.0,ElasticNet,0.0357064176350832,crabbymetrics,5,0.8.2,1960706048,1000,43204608,201566592,3.12.9,ok,,15.0,2026-08-26T00:56:21.735399+00:00,0.3894632924348116
0.0028728339821100235,0.0,ElasticNet,0.0006944574415683746,crabbymetrics,5,0.8.2,1960706048,10000,11649024,203726592,3.12.9,ok,,15.0,2026-08-26T00:56:22.124973+00:00,0.13241658359766006
0.010278292000293732,0.0,ElasticNet,0.005470210686326027,crabbymetrics,5,0.8.2,1960706048,100000,62406656,225326592,3.12.9,ok,,15.0,2026-08-26T00:56:22.257505+00:00,0.1324960831552744
0.09347725287079811,0.0,ElasticNet,0.06472562626004219,crabbymetrics,5,0.8.2,1960706048,1000000,227950592,441326592,3.12.9,ok,,15.0,2026-08-26T00:56:22.390121+00:00,0.1968775000423193
,,ElasticNet,,crabbymetrics,5,,1960706048,10000000,0,2601326592,,preflight_oom,,15.0,2026-08-26T00:56:22.587122+00:00,
0.002173876389861107,0.0,ElasticNet,0.0002054162323474884,crabbymetrics,10,0.8.2,1960706048,1000,9977856,201806592,3.12.9,ok,,15.0,2026-08-26T00:56:22.587143+00:00,0.13111516647040844
0.0037631653249263763,0.0,ElasticNet,0.0014054570347070694,crabbymetrics,10,0.8.2,1960706048,10000,9404416,206126592,3.12.9,ok,,15.0,2026-08-26T00:56:22.718372+00:00,0.13133212365210056
0.018801914528012276,0.0,ElasticNet,0.011781414970755577,crabbymetrics,10,0.8.2,1960706048,100000,72253440,249326592,3.12.9,ok,,15.0,2026-08-26T00:56:22.849818+00:00,0.13126199878752232
0.23893750086426735,0.0,ElasticNet,0.19023370742797852,crabbymetrics,10,0.8.2,1960706048,1000000,347865088,681326592,3.12.9,ok,,15.0,2026-08-26T00:56:22.981190+00:00,0.3272928334772587
,,ElasticNet,,crabbymetrics,10,,1960706048,10000000,0,5001326592,,preflight_oom,,15.0,2026-08-26T00:56:23.308604+00:00,
0.00236549973487854,0.0,ElasticNet,0.00033070705831050873,crabbymetrics,20,0.8.2,1960706048,1000,11894784,202286592,3.12.9,ok,,15.0,2026-08-26T00:56:23.308626+00:00,0.132361626252532
0.005574915558099747,0.0,ElasticNet,0.0026920009404420853,crabbymetrics,20,0.8.2,1960706048,10000,9764864,210926592,3.12.9,ok,,15.0,2026-08-26T00:56:23.441090+00:00,0.13114358112215996
0.04433037340641022,0.0,ElasticNet,0.03336658328771591,crabbymetrics,20,0.8.2,1960706048,100000,96256000,297326592,3.12.9,ok,,15.0,2026-08-26T00:56:23.572347+00:00,0.1317685004323721
0.8870912082493305,0.0,ElasticNet,0.7966161239892244,crabbymetrics,20,0.8.2,1960706048,1000000,588038144,1161326592,3.12.9,ok,,15.0,2026-08-26T00:56:23.704232+00:00,0.9647892918437719
,,ElasticNet,,crabbymetrics,20,,1960706048,10000000,0,9801326592,,preflight_oom,,15.0,2026-08-26T00:56:24.669142+00:00,
0.003065751865506172,0.0,ElasticNet,0.000922124832868576,crabbymetrics,50,0.8.2,1960706048,1000,9945088,203726592,3.12.9,ok,,15.0,2026-08-26T00:56:24.669162+00:00,0.1310969553887844
0.011810168623924255,0.0,ElasticNet,0.007595166563987732,crabbymetrics,50,0.8.2,1960706048,10000,56197120,225326592,3.12.9,ok,,15.0,2026-08-26T00:56:24.800360+00:00,0.1295060832053423
0.1376485824584961,0.0,ElasticNet,0.11438962630927563,crabbymetrics,50,0.8.2,1960706048,100000,170426368,441326592,3.12.9,ok,,15.0,2026-08-26T00:56:24.929982+00:00,0.2621705401688814
,,ElasticNet,,crabbymetrics,50,,1960706048,1000000,0,2601326592,,preflight_oom,,15.0,2026-08-26T00:56:25.192262+00:00,
,,ElasticNet,,crabbymetrics,50,,,10000000,,,,pruned_after_failure,,,,
0.005307873710989952,0.0,ElasticNet,0.0029178764671087265,crabbymetrics,100,0.8.2,1960706048,1000,46235648,206126592,3.12.9,ok,,15.0,2026-08-26T00:56:25.192282+00:00,0.12330204248428345
0.02423141524195671,0.0,ElasticNet,0.01791299879550934,crabbymetrics,100,0.8.2,1960706048,10000,67436544,249326592,3.12.9,ok,,15.0,2026-08-26T00:56:25.315684+00:00,0.1317497082054615
0.2839734610170126,0.0,ElasticNet,0.23842179030179977,crabbymetrics,100,0.8.2,1960706048,100000,289980416,681326592,3.12.9,ok,,15.0,2026-08-26T00:56:25.447552+00:00,0.3863623347133398
,,ElasticNet,,crabbymetrics,100,,1960706048,1000000,0,5001326592,,preflight_oom,,15.0,2026-08-26T00:56:25.834027+00:00,
,,ElasticNet,,crabbymetrics,100,,,10000000,,,,pruned_after_failure,,,,
2.514780582860112,1.3234476075408896,ElasticNet,0.00046316906809806824,sklearn-elastic-net,5,1.9.0,1960706048,1000,167411712,201566592,3.12.9,ok,,15.0,2026-08-26T00:56:25.834051+00:00,2.643005207180977
0.6494852919131517,1.3107434738545518,ElasticNet,0.0005279593169689178,sklearn-elastic-net,5,1.9.0,1960706048,10000,166526976,203726592,3.12.9,ok,,15.0,2026-08-26T00:56:28.477188+00:00,0.7807147074490786
0.6526356693357229,1.310924334846585,ElasticNet,0.0016911663115024567,sklearn-elastic-net,5,1.9.0,1960706048,100000,176537600,225326592,3.12.9,ok,,15.0,2026-08-26T00:56:29.258050+00:00,0.7855759598314762
0.6918026655912399,1.3106438023075058,ElasticNet,0.020889749750494957,sklearn-elastic-net,5,1.9.0,1960706048,1000000,278773760,441326592,3.12.9,ok,,15.0,2026-08-26T00:56:30.043759+00:00,0.8401761241257191
,,ElasticNet,,sklearn-elastic-net,5,,1960706048,10000000,0,2601326592,,preflight_oom,,15.0,2026-08-26T00:56:30.884061+00:00,
0.6482942923903465,1.7720304450567113,ElasticNet,0.00043312273919582367,sklearn-elastic-net,10,1.9.0,1960706048,1000,166543360,201806592,3.12.9,ok,,15.0,2026-08-26T00:56:30.884083+00:00,0.7829154171049595
0.6519523356109858,1.8273629257921247,ElasticNet,0.0005839988589286804,sklearn-elastic-net,10,1.9.0,1960706048,10000,166739968,206126592,3.12.9,ok,,15.0,2026-08-26T00:56:31.667118+00:00,0.783936083316803
0.6596070006489754,1.847859772410649,ElasticNet,0.0031835827976465225,sklearn-elastic-net,10,1.9.0,1960706048,100000,184418304,249326592,3.12.9,ok,,15.0,2026-08-26T00:56:32.451182+00:00,0.8415644597262144
0.7416319996118546,1.838909199132808,ElasticNet,0.04358645901083946,sklearn-elastic-net,10,1.9.0,1960706048,1000000,358645760,681326592,3.12.9,ok,,15.0,2026-08-26T00:56:33.292875+00:00,0.9119332078844309
,,ElasticNet,,sklearn-elastic-net,10,,1960706048,10000000,0,5001326592,,preflight_oom,,15.0,2026-08-26T00:56:34.204930+00:00,
0.6519733313471079,2.7424684820123595,ElasticNet,0.0004302486777305603,sklearn-elastic-net,20,1.9.0,1960706048,1000,166428672,202286592,3.12.9,ok,,15.0,2026-08-26T00:56:34.204950+00:00,0.7732436656951904
0.6514533739537001,2.5203063063122393,ElasticNet,0.0008527524769306183,sklearn-elastic-net,20,1.9.0,1960706048,10000,169918464,210926592,3.12.9,ok,,15.0,2026-08-26T00:56:34.978310+00:00,0.8328921664506197
0.6656737923622131,2.5912680792604545,ElasticNet,0.008657418191432953,sklearn-elastic-net,20,1.9.0,1960706048,100000,200409088,297326592,3.12.9,ok,,15.0,2026-08-26T00:56:35.811328+00:00,0.8454543743282557
0.8624218739569187,2.570763776322674,ElasticNet,0.12041179277002811,sklearn-elastic-net,20,1.9.0,1960706048,1000000,518717440,1161326592,3.12.9,ok,,15.0,2026-08-26T00:56:36.656908+00:00,1.0333537925034761
,,ElasticNet,,sklearn-elastic-net,20,,1960706048,10000000,0,9801326592,,preflight_oom,,15.0,2026-08-26T00:56:37.690390+00:00,
0.6442461255937815,4.1669228567159475,ElasticNet,0.0004987921565771103,sklearn-elastic-net,50,1.9.0,1960706048,1000,166494208,203726592,3.12.9,ok,,15.0,2026-08-26T00:56:37.690415+00:00,0.7737948335707188
0.6531605385243893,4.0193715489184525,ElasticNet,0.0014967918395996094,sklearn-elastic-net,50,1.9.0,1960706048,10000,174407680,225326592,3.12.9,ok,,15.0,2026-08-26T00:56:38.464327+00:00,0.7710046265274286
0.6904278751462698,3.938067301156549,ElasticNet,0.022596875205636024,sklearn-elastic-net,50,1.9.0,1960706048,100000,248512512,441326592,3.12.9,ok,,15.0,2026-08-26T00:56:39.235462+00:00,0.8452623318880796
,,ElasticNet,,sklearn-elastic-net,50,,1960706048,1000000,0,2601326592,,preflight_oom,,15.0,2026-08-26T00:56:40.080859+00:00,
,,ElasticNet,,sklearn-elastic-net,50,,,10000000,,,,pruned_after_failure,,,,
0.6436705812811852,5.242083294982479,ElasticNet,0.0006578732281923294,sklearn-elastic-net,100,1.9.0,1960706048,1000,166707200,206126592,3.12.9,ok,,15.0,2026-08-26T00:56:40.080881+00:00,0.7753054611384869
0.6506168730556965,5.4396508690901735,ElasticNet,0.002747291699051857,sklearn-elastic-net,100,1.9.0,1960706048,10000,182566912,249326592,3.12.9,ok,,15.0,2026-08-26T00:56:40.856311+00:00,0.7781781237572432
0.7228161264210939,5.517562534888596,ElasticNet,0.04035479202866554,sklearn-elastic-net,100,1.9.0,1960706048,100000,328466432,681326592,3.12.9,ok,,15.0,2026-08-26T00:56:41.634622+00:00,0.8492555003613234
,,ElasticNet,,sklearn-elastic-net,100,,1960706048,1000000,0,5001326592,,preflight_oom,,15.0,2026-08-26T00:56:42.484003+00:00,
,,ElasticNet,,sklearn-elastic-net,100,,,10000000,,,,pruned_after_failure,,,,
0.002126457169651985,0.0,Ridge,0.00014133378863334656,crabbymetrics,5,0.8.2,1960706048,1000,12124160,201526592,3.12.9,ok,,15.0,2026-08-26T00:56:42.484035+00:00,0.13262791745364666
0.0028285812586545944,0.0,Ridge,0.0006752088665962219,crabbymetrics,5,0.8.2,1960706048,10000,9240576,203326592,3.12.9,ok,,15.0,2026-08-26T00:56:42.616761+00:00,0.13164908438920975
0.010900501161813736,0.0,Ridge,0.006032999604940414,crabbymetrics,5,0.8.2,1960706048,100000,76054528,221326592,3.12.9,ok,,15.0,2026-08-26T00:56:42.748520+00:00,0.129163833335042
0.10635837726294994,0.0,Ridge,0.0774227473884821,crabbymetrics,5,0.8.2,1960706048,1000000,364036096,401326592,3.12.9,ok,,15.0,2026-08-26T00:56:42.877798+00:00,0.1887357085943222
,,Ridge,,crabbymetrics,5,,1960706048,10000000,0,2201326592,,preflight_oom,,15.0,2026-08-26T00:56:43.066647+00:00,
0.0021465830504894257,0.0,Ridge,0.00019004195928573608,crabbymetrics,10,0.8.2,1960706048,1000,12140544,201726592,3.12.9,ok,,15.0,2026-08-26T00:56:43.066670+00:00,0.12813587486743927
0.00413612462580204,0.0,Ridge,0.0017222072929143906,crabbymetrics,10,0.8.2,1960706048,10000,9830400,205326592,3.12.9,ok,,15.0,2026-08-26T00:56:43.194909+00:00,0.13107570819556713
0.023257456719875336,0.0,Ridge,0.016375832259655,crabbymetrics,10,0.8.2,1960706048,100000,99631104,241326592,3.12.9,ok,,15.0,2026-08-26T00:56:43.326097+00:00,0.13192000053822994
0.36199737526476383,0.0,Ridge,0.31279516592621803,crabbymetrics,10,0.8.2,1960706048,1000000,603963392,601326592,3.12.9,ok,,15.0,2026-08-26T00:56:43.458124+00:00,0.4620594587177038
,,Ridge,,crabbymetrics,10,,1960706048,10000000,0,4201326592,,preflight_oom,,15.0,2026-08-26T00:56:43.920299+00:00,
0.0024659987539052963,0.0,Ridge,0.00044254399836063385,crabbymetrics,20,0.8.2,1960706048,1000,12124160,202126592,3.12.9,ok,,15.0,2026-08-26T00:56:43.920321+00:00,0.12968533486127853
0.009081458672881126,0.0,Ridge,0.006154874339699745,crabbymetrics,20,0.8.2,1960706048,10000,53788672,209326592,3.12.9,ok,,15.0,2026-08-26T00:56:44.050111+00:00,0.13110733218491077
0.08306249976158142,0.0,Ridge,0.07201608270406723,crabbymetrics,20,0.8.2,1960706048,100000,147570688,281326592,3.12.9,ok,,15.0,2026-08-26T00:56:44.181332+00:00,0.19697674736380577
1.6978504601866007,0.0,Ridge,1.6067778319120407,crabbymetrics,20,0.8.2,1960706048,1000000,1083883520,1001326592,3.12.9,ok,,15.0,2026-08-26T00:56:44.378426+00:00,1.8299002908170223
,,Ridge,,crabbymetrics,20,,1960706048,10000000,0,8201326592,,preflight_oom,,15.0,2026-08-26T00:56:46.208449+00:00,
0.004381207749247551,0.0,Ridge,0.0022582504898309708,crabbymetrics,50,0.8.2,1960706048,1000,11927552,203326592,3.12.9,ok,,15.0,2026-08-26T00:56:46.208467+00:00,0.13228562660515308
0.036640292033553123,0.0,Ridge,0.03259649872779846,crabbymetrics,50,0.8.2,1960706048,10000,67911680,221326592,3.12.9,ok,,15.0,2026-08-26T00:56:46.340859+00:00,0.13102195970714092
0.8131807092577219,0.0,Ridge,0.7892445009201765,crabbymetrics,50,0.8.2,1960706048,100000,291717120,401326592,3.12.9,ok,,15.0,2026-08-26T00:56:46.471997+00:00,0.9162544999271631
,,Ridge,,crabbymetrics,50,,1960706048,1000000,0,2201326592,,preflight_oom,,15.0,2026-08-26T00:56:47.388367+00:00,
,,Ridge,,crabbymetrics,50,,,10000000,,,,pruned_after_failure,,,,
0.010307706892490387,0.0,Ridge,0.007951373234391212,crabbymetrics,100,0.8.2,1960706048,1000,48726016,205326592,3.12.9,ok,,15.0,2026-08-26T00:56:47.388388+00:00,0.13188020698726177
0.12196020781993866,0.0,Ridge,0.11511233262717724,crabbymetrics,100,0.8.2,1960706048,10000,92012544,241326592,3.12.9,ok,,15.0,2026-08-26T00:56:47.520369+00:00,0.18850858509540558
3.834080208092928,0.0,Ridge,3.788956793025136,crabbymetrics,100,0.8.2,1960706048,100000,531824640,601326592,3.12.9,ok,,15.0,2026-08-26T00:56:47.708988+00:00,3.9236339572817087
,,Ridge,,crabbymetrics,100,,1960706048,1000000,0,4201326592,,preflight_oom,,15.0,2026-08-26T00:56:51.632759+00:00,
,,Ridge,,crabbymetrics,100,,,10000000,,,,pruned_after_failure,,,,
0.6493735834956169,1.3555704399548163,Ridge,0.00051099993288517,sklearn-ridge,5,1.9.0,1960706048,1000,166445056,201526592,3.12.9,ok,,15.0,2026-08-26T00:56:51.632781+00:00,0.7683973740786314
0.6491945832967758,1.342434694296541,Ridge,0.0007082931697368622,sklearn-ridge,5,1.9.0,1960706048,10000,166281216,203326592,3.12.9,ok,,15.0,2026-08-26T00:56:52.401307+00:00,0.7678047921508551
0.6499332077801228,1.3424348806336477,Ridge,0.002944251522421837,sklearn-ridge,5,1.9.0,1960706048,100000,175816704,221326592,3.12.9,ok,,15.0,2026-08-26T00:56:53.169247+00:00,0.7790221683681011
0.6933824997395277,1.342138657309469,Ridge,0.025603916496038437,sklearn-ridge,5,1.9.0,1960706048,1000000,270761984,401326592,3.12.9,ok,,15.0,2026-08-26T00:56:53.948398+00:00,0.8508346267044544
,,Ridge,,sklearn-ridge,5,,1960706048,10000000,0,2201326592,,preflight_oom,,15.0,2026-08-26T00:56:54.799365+00:00,
0.6438238751143217,1.8285426091818262,Ridge,0.0004994571208953857,sklearn-ridge,10,1.9.0,1960706048,1000,166477824,201726592,3.12.9,ok,,15.0,2026-08-26T00:56:54.799385+00:00,0.7852435428649187
0.6508760005235672,1.8855753850394648,Ridge,0.0006604157388210297,sklearn-ridge,10,1.9.0,1960706048,10000,166739968,205326592,3.12.9,ok,,15.0,2026-08-26T00:56:55.584744+00:00,0.7849476225674152
0.6488895006477833,1.9068423151022604,Ridge,0.0026376228779554367,sklearn-ridge,10,1.9.0,1960706048,100000,183730176,241326592,3.12.9,ok,,15.0,2026-08-26T00:56:56.369824+00:00,0.7867593746632338
0.7209947519004345,1.8979574657267944,Ridge,0.024812791496515274,sklearn-ridge,10,1.9.0,1960706048,1000000,350404608,601326592,3.12.9,ok,,15.0,2026-08-26T00:56:57.156712+00:00,0.8949979171156883
,,Ridge,,sklearn-ridge,10,,1960706048,10000000,0,4201326592,,preflight_oom,,15.0,2026-08-26T00:56:58.051832+00:00,
0.6496634613722563,2.8511233502787072,Ridge,0.0004954580217599869,sklearn-ridge,20,1.9.0,1960706048,1000,166428672,202126592,3.12.9,ok,,15.0,2026-08-26T00:56:58.051854+00:00,0.7843001242727041
0.6512227915227413,2.6305394770748207,Ridge,0.0008684583008289337,sklearn-ridge,20,1.9.0,1960706048,10000,169836544,209326592,3.12.9,ok,,15.0,2026-08-26T00:56:58.836268+00:00,0.7710811663419008
0.6600579582154751,2.7036197934795085,Ridge,0.004610415548086166,sklearn-ridge,20,1.9.0,1960706048,100000,199901184,281326592,3.12.9,ok,,15.0,2026-08-26T00:56:59.607479+00:00,0.784337455406785
0.7832159586250782,2.683510354754066,Ridge,0.040472207590937614,sklearn-ridge,20,1.9.0,1960706048,1000000,510640128,1001326592,3.12.9,ok,,15.0,2026-08-26T00:57:00.391948+00:00,0.9660675413906574
,,Ridge,,sklearn-ridge,20,,1960706048,10000000,0,8201326592,,preflight_oom,,15.0,2026-08-26T00:57:01.358151+00:00,
0.6485017072409391,4.417763253659926,Ridge,0.0005703326314687729,sklearn-ridge,50,1.9.0,1960706048,1000,166608896,203326592,3.12.9,ok,,15.0,2026-08-26T00:57:01.358171+00:00,0.7829763311892748
0.6490666270256042,4.285450275194256,Ridge,0.0013223737478256226,sklearn-ridge,50,1.9.0,1960706048,10000,174620672,221326592,3.12.9,ok,,15.0,2026-08-26T00:57:02.141273+00:00,0.7835787069052458
0.6836702488362789,4.207647106339785,Ridge,0.010618958622217178,sklearn-ridge,50,1.9.0,1960706048,100000,248332288,401326592,3.12.9,ok,,15.0,2026-08-26T00:57:02.924981+00:00,0.8461349178105593
,,Ridge,,sklearn-ridge,50,,1960706048,1000000,0,2201326592,,preflight_oom,,15.0,2026-08-26T00:57:03.771242+00:00,
,,Ridge,,sklearn-ridge,50,,,10000000,,,,pruned_after_failure,,,,
0.6493078731000423,5.720800358594861,Ridge,0.0006638318300247192,sklearn-ridge,100,1.9.0,1960706048,1000,166903808,205326592,3.12.9,ok,,15.0,2026-08-26T00:57:03.771264+00:00,0.7737815007567406
0.654762290418148,5.966945251473462,Ridge,0.002210499718785286,sklearn-ridge,100,1.9.0,1960706048,10000,166510592,241326592,3.12.9,ok,,15.0,2026-08-26T00:57:04.545170+00:00,0.8296547494828701
0.7147325426340103,6.042518441623685,Ridge,0.019594291225075722,sklearn-ridge,100,1.9.0,1960706048,100000,328761344,601326592,3.12.9,ok,,15.0,2026-08-26T00:57:05.374958+00:00,0.8416200000792742
,,Ridge,,sklearn-ridge,100,,1960706048,1000000,0,4201326592,,preflight_oom,,15.0,2026-08-26T00:57:06.216708+00:00,
,,Ridge,,sklearn-ridge,100,,,10000000,,,,pruned_after_failure,,,,
0.006996290758252144,0.0,BaggedPolynomialRegressor,0.00492066890001297,crabbymetrics,5,0.8.2,1960706048,1000,44548096,202326592,3.12.9,ok,,15.0,2026-08-26T00:57:06.216737+00:00,0.13145996071398258
0.07871099933981895,0.0,BaggedPolynomialRegressor,0.0762885008007288,crabbymetrics,5,0.8.2,1960706048,10000,55820288,211326592,3.12.9,ok,,15.0,2026-08-26T00:57:06.348294+00:00,0.19555800035595894
1.001835748553276,0.0,BaggedPolynomialRegressor,0.9956280831247568,crabbymetrics,5,0.8.2,1960706048,100000,163168256,301326592,3.12.9,ok,,15.0,2026-08-26T00:57:06.543961+00:00,1.1151164155453444
4.252997789531946,0.0,BaggedPolynomialRegressor,4.223392084240913,crabbymetrics,5,0.8.2,1960706048,1000000,646414336,1201326592,3.12.9,ok,,15.0,2026-08-26T00:57:07.659203+00:00,4.369135918095708
,,BaggedPolynomialRegressor,,crabbymetrics,5,,1960706048,10000000,0,10201326592,,preflight_oom,,15.0,2026-08-26T00:57:12.028483+00:00,
0.042514415457844734,0.0,BaggedPolynomialRegressor,0.0404161661863327,crabbymetrics,10,0.8.2,1960706048,1000,46137344,203326592,3.12.9,ok,,15.0,2026-08-26T00:57:12.028503+00:00,0.1246548742055893
0.5888300836086273,0.0,BaggedPolynomialRegressor,0.5854869987815619,crabbymetrics,10,0.8.2,1960706048,10000,74924032,221326592,3.12.9,ok,,15.0,2026-08-26T00:57:12.153273+00:00,0.7181571237742901
,,BaggedPolynomialRegressor,,crabbymetrics,10,,1960706048,100000,362397696,401326592,,timeout,,15.0,2026-08-26T00:57:12.871548+00:00,15.056154251098633
,,BaggedPolynomialRegressor,,crabbymetrics,10,,,1000000,,,,pruned_after_failure,,,,
,,BaggedPolynomialRegressor,,crabbymetrics,10,,,10000000,,,,pruned_after_failure,,,,
0.07440203987061977,0.0,BaggedPolynomialRegressor,0.07217174954712391,crabbymetrics,20,0.8.2,1960706048,1000,47579136,205326592,3.12.9,ok,,15.0,2026-08-26T00:57:27.927886+00:00,0.1889420449733734
1.0683243740350008,0.0,BaggedPolynomialRegressor,1.0645088758319616,crabbymetrics,20,0.8.2,1960706048,10000,87818240,241326592,3.12.9,ok,,15.0,2026-08-26T00:57:28.116948+00:00,1.1525775846093893
,,BaggedPolynomialRegressor,,crabbymetrics,20,,1960706048,100000,485539840,601326592,,timeout,,15.0,2026-08-26T00:57:29.269653+00:00,15.015341084450483
,,BaggedPolynomialRegressor,,crabbymetrics,20,,,1000000,,,,pruned_after_failure,,,,
,,BaggedPolynomialRegressor,,crabbymetrics,20,,,10000000,,,,pruned_after_failure,,,,
0.07428520917892456,0.0,BaggedPolynomialRegressor,0.07199008204042912,crabbymetrics,50,0.8.2,1960706048,1000,48955392,211326592,3.12.9,ok,,15.0,2026-08-26T00:57:44.285182+00:00,0.19614491425454617
1.070726253092289,0.0,BaggedPolynomialRegressor,1.0656220838427544,crabbymetrics,50,0.8.2,1960706048,10000,95404032,301326592,3.12.9,ok,,15.0,2026-08-26T00:57:44.481443+00:00,1.1581164989620447
,,BaggedPolynomialRegressor,,crabbymetrics,50,,1960706048,100000,557662208,1201326592,,timeout,,15.0,2026-08-26T00:57:45.639688+00:00,15.029684457927942
,,BaggedPolynomialRegressor,,crabbymetrics,50,,,1000000,,,,pruned_after_failure,,,,
,,BaggedPolynomialRegressor,,crabbymetrics,50,,,10000000,,,,pruned_after_failure,,,,
0.07346966490149498,0.0,BaggedPolynomialRegressor,0.07106620818376541,crabbymetrics,100,0.8.2,1960706048,1000,49725440,221326592,3.12.9,ok,,15.0,2026-08-26T00:58:00.669561+00:00,0.1959073320031166
1.0579010006040335,0.0,BaggedPolynomialRegressor,1.0515937898308039,crabbymetrics,100,0.8.2,1960706048,10000,107429888,401326592,3.12.9,ok,,15.0,2026-08-26T00:58:00.865606+00:00,1.164095165207982
,,BaggedPolynomialRegressor,,crabbymetrics,100,,1960706048,100000,0,2201326592,,preflight_oom,,15.0,2026-08-26T00:58:02.029855+00:00,
,,BaggedPolynomialRegressor,,crabbymetrics,100,,,1000000,,,,pruned_after_failure,,,,
,,BaggedPolynomialRegressor,,crabbymetrics,100,,,10000000,,,,pruned_after_failure,,,,
0.6437993738800287,30.0,BaggedPolynomialRegressor,0.010274915024638176,sklearn-bagged-polynomial,5,1.9.0,1960706048,1000,166707200,202326592,3.12.9,ok,,15.0,2026-08-26T00:58:02.029879+00:00,0.7678974159061909
0.6555105447769165,30.0,BaggedPolynomialRegressor,0.023451460525393486,sklearn-bagged-polynomial,5,1.9.0,1960706048,10000,170098688,211326592,3.12.9,ok,,15.0,2026-08-26T00:58:02.797913+00:00,0.7650743741542101
0.7917818762362003,30.0,BaggedPolynomialRegressor,0.16006962582468987,sklearn-bagged-polynomial,5,1.9.0,1960706048,100000,215810048,301326592,3.12.9,ok,,15.0,2026-08-26T00:58:03.563117+00:00,0.9103835839778185
0.841002456843853,30.0,BaggedPolynomialRegressor,0.18128199875354767,sklearn-bagged-polynomial,5,1.9.0,1960706048,1000000,267239424,1201326592,3.12.9,ok,,15.0,2026-08-26T00:58:04.473637+00:00,0.9648092091083527
,,BaggedPolynomialRegressor,,sklearn-bagged-polynomial,5,,1960706048,10000000,0,10201326592,,preflight_oom,,15.0,2026-08-26T00:58:05.438581+00:00,
0.6397257503122091,30.0,BaggedPolynomialRegressor,0.012581583112478256,sklearn-bagged-polynomial,10,1.9.0,1960706048,1000,166756352,203326592,3.12.9,ok,,15.0,2026-08-26T00:58:05.438602+00:00,0.7521574161946774
0.6788594163954258,30.0,BaggedPolynomialRegressor,0.04662304185330868,sklearn-bagged-polynomial,10,1.9.0,1960706048,10000,179568640,221326592,3.12.9,ok,,15.0,2026-08-26T00:58:06.190886+00:00,0.8433581255376339
1.171108916401863,30.0,BaggedPolynomialRegressor,0.5359251629561186,sklearn-bagged-polynomial,10,1.9.0,1960706048,100000,298287104,401326592,3.12.9,ok,,15.0,2026-08-26T00:58:07.034393+00:00,1.3044399600476027
,,BaggedPolynomialRegressor,,sklearn-bagged-polynomial,10,,1960706048,1000000,0,2201326592,,preflight_oom,,15.0,2026-08-26T00:58:08.338984+00:00,
,,BaggedPolynomialRegressor,,sklearn-bagged-polynomial,10,,,10000000,,,,pruned_after_failure,,,,
0.6401367075741291,30.0,BaggedPolynomialRegressor,0.013341167941689491,sklearn-bagged-polynomial,20,1.9.0,1960706048,1000,167755776,205326592,3.12.9,ok,,15.0,2026-08-26T00:58:08.339007+00:00,0.7878462933003902
0.6767267510294914,30.0,BaggedPolynomialRegressor,0.057034749537706375,sklearn-bagged-polynomial,20,1.9.0,1960706048,10000,184991744,241326592,3.12.9,ok,,15.0,2026-08-26T00:58:09.126987+00:00,0.7848053760826588
1.3459763322025537,30.0,BaggedPolynomialRegressor,0.7095167525112629,sklearn-bagged-polynomial,20,1.9.0,1960706048,100000,356007936,601326592,3.12.9,ok,,15.0,2026-08-26T00:58:09.911955+00:00,1.4816137496381998
,,BaggedPolynomialRegressor,,sklearn-bagged-polynomial,20,,1960706048,1000000,0,4201326592,,preflight_oom,,15.0,2026-08-26T00:58:11.393715+00:00,
,,BaggedPolynomialRegressor,,sklearn-bagged-polynomial,20,,,10000000,,,,pruned_after_failure,,,,
0.6423621233552694,30.0,BaggedPolynomialRegressor,0.014173833653330803,sklearn-bagged-polynomial,50,1.9.0,1960706048,1000,167804928,211326592,3.12.9,ok,,15.0,2026-08-26T00:58:11.393736+00:00,0.7825656235218048
0.6917449161410332,30.0,BaggedPolynomialRegressor,0.06103716790676117,sklearn-bagged-polynomial,50,1.9.0,1960706048,10000,190562304,301326592,3.12.9,ok,,15.0,2026-08-26T00:58:12.176426+00:00,0.8327802903950214
1.4199040420353413,30.0,BaggedPolynomialRegressor,0.769524835050106,sklearn-bagged-polynomial,50,1.9.0,1960706048,100000,413007872,1201326592,3.12.9,ok,,15.0,2026-08-26T00:58:13.009357+00:00,1.5406472086906433
,,BaggedPolynomialRegressor,,sklearn-bagged-polynomial,50,,1960706048,1000000,0,10201326592,,preflight_oom,,15.0,2026-08-26T00:58:14.550161+00:00,
,,BaggedPolynomialRegressor,,sklearn-bagged-polynomial,50,,,10000000,,,,pruned_after_failure,,,,
0.635030210018158,30.0,BaggedPolynomialRegressor,0.014021875336766243,sklearn-bagged-polynomial,100,1.9.0,1960706048,1000,167854080,221326592,3.12.9,ok,,15.0,2026-08-26T00:58:14.550181+00:00,0.7746842093765736
0.6901735402643681,30.0,BaggedPolynomialRegressor,0.06373529322445393,sklearn-bagged-polynomial,100,1.9.0,1960706048,10000,191168512,401326592,3.12.9,ok,,15.0,2026-08-26T00:58:15.324994+00:00,0.8520362935960293
,,BaggedPolynomialRegressor,,sklearn-bagged-polynomial,100,,1960706048,100000,0,2201326592,,preflight_oom,,15.0,2026-08-26T00:58:16.177188+00:00,
,,BaggedPolynomialRegressor,,sklearn-bagged-polynomial,100,,,1000000,,,,pruned_after_failure,,,,
,,BaggedPolynomialRegressor,,sklearn-bagged-polynomial,100,,,10000000,,,,pruned_after_failure,,,,
0.3606968764215708,0.0,Logit,0.3586714193224907,crabbymetrics,5,0.8.2,1960706048,1000,43450368,201606592,3.12.9,ok,,15.0,2026-08-26T00:58:16.177227+00:00,0.45610320940613747
0.005738336592912674,0.0,Logit,0.003591500222682953,crabbymetrics,5,0.8.2,1960706048,10000,10436608,204126592,3.12.9,ok,,15.0,2026-08-26T00:58:16.633467+00:00,0.13164383172988892
0.044697290286421776,0.0,Logit,0.03933129087090492,crabbymetrics,5,0.8.2,1960706048,100000,54132736,229326592,3.12.9,ok,,15.0,2026-08-26T00:58:16.765251+00:00,0.13161195628345013
0.44719803892076015,0.0,Logit,0.4106837082654238,crabbymetrics,5,0.8.2,1960706048,1000000,153059328,481326592,3.12.9,ok,,15.0,2026-08-26T00:58:16.897023+00:00,0.5238551683723927
,,Logit,,crabbymetrics,5,,1960706048,10000000,0,3001326592,,preflight_oom,,15.0,2026-08-26T00:58:17.421021+00:00,
0.0023661665618419647,0.0,Logit,0.0004370845854282379,crabbymetrics,10,0.8.2,1960706048,1000,10092544,201886592,3.12.9,ok,,15.0,2026-08-26T00:58:17.421038+00:00,0.06621454283595085
0.0063889604061841965,0.0,Logit,0.004008542746305466,crabbymetrics,10,0.8.2,1960706048,10000,10567680,206926592,3.12.9,ok,,15.0,2026-08-26T00:58:17.487368+00:00,0.13102300092577934
0.05207725241780281,0.0,Logit,0.04469662718474865,crabbymetrics,10,0.8.2,1960706048,100000,62111744,257326592,3.12.9,ok,,15.0,2026-08-26T00:58:17.618513+00:00,0.13059524819254875
4.958658833056688,0.0,Logit,4.903261624276638,crabbymetrics,10,0.8.2,1960706048,1000000,232947712,761326592,3.12.9,ok,,15.0,2026-08-26T00:58:17.749236+00:00,5.02264729142189
,,Logit,,crabbymetrics,10,,1960706048,10000000,0,5801326592,,preflight_oom,,15.0,2026-08-26T00:58:22.772040+00:00,
0.0026099998503923416,0.0,Logit,0.000619916245341301,crabbymetrics,20,0.8.2,1960706048,1000,13336576,202446592,3.12.9,ok,,15.0,2026-08-26T00:58:22.772056+00:00,0.12593025155365467
0.008523166179656982,0.0,Logit,0.0056474171578884125,crabbymetrics,20,0.8.2,1960706048,10000,47202304,212526592,3.12.9,ok,,15.0,2026-08-26T00:58:22.898108+00:00,0.13270599953830242
0.06570999883115292,0.0,Logit,0.05406699888408184,crabbymetrics,20,0.8.2,1960706048,100000,78020608,313326592,3.12.9,ok,,15.0,2026-08-26T00:58:23.030955+00:00,0.13267004117369652
4.635997124016285,0.0,Logit,4.53665903955698,crabbymetrics,20,0.8.2,1960706048,1000000,392986624,1321326592,3.12.9,ok,,15.0,2026-08-26T00:58:23.163750+00:00,4.764493960887194
,,Logit,,crabbymetrics,20,,1960706048,10000000,0,11401326592,,preflight_oom,,15.0,2026-08-26T00:58:27.928410+00:00,
0.003084292635321617,0.0,Logit,0.0009793322533369064,crabbymetrics,50,0.8.2,1960706048,1000,11534336,204126592,3.12.9,ok,,15.0,2026-08-26T00:58:27.928432+00:00,0.13299879059195518
0.011479707434773445,0.0,Logit,0.007494332268834114,crabbymetrics,50,0.8.2,1960706048,10000,52183040,229326592,3.12.9,ok,,15.0,2026-08-26T00:58:28.061567+00:00,0.133542625233531
0.474266666918993,0.0,Logit,0.44956137612462044,crabbymetrics,50,0.8.2,1960706048,100000,126287872,481326592,3.12.9,ok,,15.0,2026-08-26T00:58:28.195255+00:00,0.5886367093771696
,,Logit,,crabbymetrics,50,,1960706048,1000000,0,3001326592,,preflight_oom,,15.0,2026-08-26T00:58:28.784042+00:00,
,,Logit,,crabbymetrics,50,,,10000000,,,,pruned_after_failure,,,,
0.0041952915489673615,0.0,Logit,0.0018713753670454025,crabbymetrics,100,0.8.2,1960706048,1000,13287424,206926592,3.12.9,ok,,15.0,2026-08-26T00:58:28.784062+00:00,0.1334169153124094
0.019229624420404434,0.0,Logit,0.013045251369476318,crabbymetrics,100,0.8.2,1960706048,10000,59785216,257326592,3.12.9,ok,,15.0,2026-08-26T00:58:28.917620+00:00,0.13387729227542877
0.17163633182644844,0.0,Logit,0.12693183310329914,crabbymetrics,100,0.8.2,1960706048,100000,206225408,761326592,3.12.9,ok,,15.0,2026-08-26T00:58:29.051639+00:00,0.2558407075703144
,,Logit,,crabbymetrics,100,,1960706048,1000000,0,5801326592,,preflight_oom,,15.0,2026-08-26T00:58:29.307607+00:00,
,,Logit,,crabbymetrics,100,,,10000000,,,,pruned_after_failure,,,,
0.9824782907962799,1.289281914156791,Logit,0.34264250099658966,sklearn-logistic-regression,5,1.9.0,1960706048,1000,167133184,201606592,3.12.9,ok,,15.0,2026-08-26T00:58:29.307629+00:00,1.1415125001221895
0.6459486652165651,1.3576038424296377,Logit,0.0022804588079452515,sklearn-logistic-regression,5,1.9.0,1960706048,10000,166887424,204126592,3.12.9,ok,,15.0,2026-08-26T00:58:30.449275+00:00,0.7838485427200794
0.6498498748987913,1.3268275267279241,Logit,0.011331455782055855,sklearn-logistic-regression,5,1.9.0,1960706048,100000,175407104,229326592,3.12.9,ok,,15.0,2026-08-26T00:58:31.233274+00:00,0.7624214999377728
0.7631480824202299,1.3449616775214732,Logit,0.10155479051172733,sklearn-logistic-regression,5,1.9.0,1960706048,1000000,264814592,481326592,3.12.9,ok,,15.0,2026-08-26T00:58:31.995826+00:00,0.9026211686432362
,,Logit,,sklearn-logistic-regression,5,,1960706048,10000000,0,3001326592,,preflight_oom,,15.0,2026-08-26T00:58:32.898565+00:00,
0.6311814151704311,1.7321326087774938,Logit,0.0014480426907539368,sklearn-logistic-regression,10,1.9.0,1960706048,1000,167018496,201886592,3.12.9,ok,,15.0,2026-08-26T00:58:32.898584+00:00,0.7835275419056416
0.6396113336086273,1.9683900818578481,Logit,0.0021948739886283875,sklearn-logistic-regression,10,1.9.0,1960706048,10000,166871040,206926592,3.12.9,ok,,15.0,2026-08-26T00:58:33.682254+00:00,0.7900766246020794
0.6484716273844242,1.857452526901146,Logit,0.009619958698749542,sklearn-logistic-regression,10,1.9.0,1960706048,100000,179503104,257326592,3.12.9,ok,,15.0,2026-08-26T00:58:34.472490+00:00,0.7703431267291307
0.7667167074978352,1.8993493891442366,Logit,0.09002029336988926,sklearn-logistic-regression,10,1.9.0,1960706048,1000000,304660480,761326592,3.12.9,ok,,15.0,2026-08-26T00:58:35.242976+00:00,0.8951231241226196
,,Logit,,sklearn-logistic-regression,10,,1960706048,10000000,0,5801326592,,preflight_oom,,15.0,2026-08-26T00:58:36.138238+00:00,
0.6231101676821709,3.0576799382354647,Logit,0.0014378316700458527,sklearn-logistic-regression,20,1.9.0,1960706048,1000,167034880,202446592,3.12.9,ok,,15.0,2026-08-26T00:58:36.138259+00:00,0.7799981255084276
0.6263598762452602,2.670669921737806,Logit,0.0021781660616397858,sklearn-logistic-regression,20,1.9.0,1960706048,10000,169197568,212526592,3.12.9,ok,,15.0,2026-08-26T00:58:36.918391+00:00,0.7880407925695181
0.6441802512854338,2.686510044161757,Logit,0.010671541094779968,sklearn-logistic-regression,20,1.9.0,1960706048,100000,187580416,313326592,3.12.9,ok,,15.0,2026-08-26T00:58:37.706587+00:00,0.7701736688613892
0.8112684153020382,2.6743904348528678,Logit,0.09890650026500225,sklearn-logistic-regression,20,1.9.0,1960706048,1000000,385007616,1321326592,3.12.9,ok,,15.0,2026-08-26T00:58:38.476900+00:00,0.967961747199297
,,Logit,,sklearn-logistic-regression,20,,1960706048,10000000,0,11401326592,,preflight_oom,,15.0,2026-08-26T00:58:39.445016+00:00,
0.6265925839543343,5.001672026889683,Logit,0.001535540446639061,sklearn-logistic-regression,50,1.9.0,1960706048,1000,167100416,204126592,3.12.9,ok,,15.0,2026-08-26T00:58:39.445044+00:00,0.7895432934165001
0.6223434172570705,4.226913078645741,Logit,0.002275874838232994,sklearn-logistic-regression,50,1.9.0,1960706048,10000,167149568,229326592,3.12.9,ok,,15.0,2026-08-26T00:58:40.234733+00:00,0.7872702088207006
0.6547431237995625,4.255996370311845,Logit,0.014905333518981934,sklearn-logistic-regression,50,1.9.0,1960706048,100000,211582976,481326592,3.12.9,ok,,15.0,2026-08-26T00:58:41.022165+00:00,0.7766614146530628
,,Logit,,sklearn-logistic-regression,50,,1960706048,1000000,0,3001326592,,preflight_oom,,15.0,2026-08-26T00:58:41.798974+00:00,
,,Logit,,sklearn-logistic-regression,50,,,10000000,,,,pruned_after_failure,,,,
0.6241893321275711,5.956736577702468,Logit,0.0015644561499357224,sklearn-logistic-regression,100,1.9.0,1960706048,1000,167084032,206926592,3.12.9,ok,,15.0,2026-08-26T00:58:41.798996+00:00,0.7798902932554483
0.6288962494581938,5.897377942131465,Logit,0.002484416589140892,sklearn-logistic-regression,100,1.9.0,1960706048,10000,175079424,257326592,3.12.9,ok,,15.0,2026-08-26T00:58:42.579022+00:00,0.7842967081815004
0.693160455673933,5.899042700237298,Logit,0.0214779581874609,sklearn-logistic-regression,100,1.9.0,1960706048,100000,251559936,761326592,3.12.9,ok,,15.0,2026-08-26T00:58:43.363479+00:00,0.8446207083761692
,,Logit,,sklearn-logistic-regression,100,,1960706048,1000000,0,5801326592,,preflight_oom,,15.0,2026-08-26T00:58:44.208258+00:00,
,,Logit,,sklearn-logistic-regression,100,,,10000000,,,,pruned_after_failure,,,,
0.0044206660240888596,0.0,MultinomialLogit,0.0024654995650053024,crabbymetrics,5,0.8.2,1960706048,1000,10993664,201806592,3.12.9,ok,,15.0,2026-08-26T00:58:44.208286+00:00,0.1318247076123953
0.23732704296708107,0.0,MultinomialLogit,0.23419020883738995,crabbymetrics,5,0.8.2,1960706048,10000,44564480,206126592,3.12.9,ok,,15.0,2026-08-26T00:58:44.340247+00:00,0.3267756253480911
0.2987429555505514,0.0,MultinomialLogit,0.29263091646134853,crabbymetrics,5,0.8.2,1960706048,100000,55345152,249326592,3.12.9,ok,,15.0,2026-08-26T00:58:44.667160+00:00,0.38098912686109543
3.630864165723324,0.0,MultinomialLogit,3.5882725846022367,crabbymetrics,5,0.8.2,1960706048,1000000,172326912,681326592,3.12.9,ok,,15.0,2026-08-26T00:58:45.048273+00:00,3.732052916660905
,,MultinomialLogit,,crabbymetrics,5,,1960706048,10000000,0,5001326592,,preflight_oom,,15.0,2026-08-26T00:58:48.780484+00:00,
0.004833582788705826,0.0,MultinomialLogit,0.002895498648285866,crabbymetrics,10,0.8.2,1960706048,1000,12861440,202286592,3.12.9,ok,,15.0,2026-08-26T00:58:48.780505+00:00,0.13283233158290386
0.02838379144668579,0.0,MultinomialLogit,0.02593333274126053,crabbymetrics,10,0.8.2,1960706048,10000,45383680,210926592,3.12.9,ok,,15.0,2026-08-26T00:58:48.913474+00:00,0.133862666785717
2.1850937083363533,0.0,MultinomialLogit,2.1770200822502375,crabbymetrics,10,0.8.2,1960706048,100000,63291392,297326592,3.12.9,ok,,15.0,2026-08-26T00:58:49.047465+00:00,2.2569447085261345
,,MultinomialLogit,,crabbymetrics,10,,1960706048,1000000,252329984,1161326592,,timeout,,15.0,2026-08-26T00:58:51.304559+00:00,15.030589625239372
,,MultinomialLogit,,crabbymetrics,10,,,10000000,,,,pruned_after_failure,,,,
0.005042124539613724,0.0,MultinomialLogit,0.003074042499065399,crabbymetrics,20,0.8.2,1960706048,1000,9207808,203246592,3.12.9,ok,,15.0,2026-08-26T00:59:06.335356+00:00,0.1307233739644289
0.03477825038135052,0.0,MultinomialLogit,0.03192174807190895,crabbymetrics,20,0.8.2,1960706048,10000,47005696,220526592,3.12.9,ok,,15.0,2026-08-26T00:59:06.466217+00:00,0.13395529240369797
0.38221241533756256,0.0,MultinomialLogit,0.36996120773255825,crabbymetrics,20,0.8.2,1960706048,100000,79249408,393326592,3.12.9,ok,,15.0,2026-08-26T00:59:06.600316+00:00,0.45833983458578587
,,MultinomialLogit,,crabbymetrics,20,,1960706048,1000000,0,2121326592,,preflight_oom,,15.0,2026-08-26T00:59:07.058795+00:00,
,,MultinomialLogit,,crabbymetrics,20,,,10000000,,,,pruned_after_failure,,,,
0.007016999647021294,0.0,MultinomialLogit,0.004946207627654076,crabbymetrics,50,0.8.2,1960706048,1000,45006848,206126592,3.12.9,ok,,15.0,2026-08-26T00:59:07.058814+00:00,0.12636429257690907
0.04314487427473068,0.0,MultinomialLogit,0.039084915071725845,crabbymetrics,50,0.8.2,1960706048,10000,51888128,249326592,3.12.9,ok,,15.0,2026-08-26T00:59:07.185307+00:00,0.13342587649822235
2.734440915286541,0.0,MultinomialLogit,2.708795540034771,crabbymetrics,50,0.8.2,1960706048,100000,127320064,681326592,3.12.9,ok,,15.0,2026-08-26T00:59:07.318873+00:00,2.836478292942047
,,MultinomialLogit,,crabbymetrics,50,,1960706048,1000000,0,5001326592,,preflight_oom,,15.0,2026-08-26T00:59:10.155506+00:00,
,,MultinomialLogit,,crabbymetrics,50,,,10000000,,,,pruned_after_failure,,,,
0.009838458150625229,0.0,MultinomialLogit,0.007527709007263184,crabbymetrics,100,0.8.2,1960706048,1000,45809664,210926592,3.12.9,ok,,15.0,2026-08-26T00:59:10.155525+00:00,0.13165275007486343
0.05731070786714554,0.0,MultinomialLogit,0.051203250885009766,crabbymetrics,100,0.8.2,1960706048,10000,59883520,297326592,3.12.9,ok,,15.0,2026-08-26T00:59:10.287301+00:00,0.12615829147398472
4.616320753470063,0.0,MultinomialLogit,4.570706874132156,crabbymetrics,100,0.8.2,1960706048,100000,207372288,1161326592,3.12.9,ok,,15.0,2026-08-26T00:59:10.413597+00:00,4.714593457058072
,,MultinomialLogit,,crabbymetrics,100,,1960706048,1000000,0,9801326592,,preflight_oom,,15.0,2026-08-26T00:59:15.128351+00:00,
,,MultinomialLogit,,crabbymetrics,100,,,10000000,,,,pruned_after_failure,,,,
0.6242550425231457,5.551115123125783e-16,MultinomialLogit,0.0017924997955560684,sklearn-multinomial-logit,5,1.9.0,1960706048,1000,166920192,201806592,3.12.9,ok,,15.0,2026-08-26T00:59:15.128374+00:00,0.7747985012829304
0.6241074185818434,-6.328271240363392e-15,MultinomialLogit,0.004098000004887581,sklearn-multinomial-logit,5,1.9.0,1960706048,10000,166903808,206126592,3.12.9,ok,,15.0,2026-08-26T00:59:15.903317+00:00,0.7696543335914612
0.6552497502416372,-6.328271240363392e-15,MultinomialLogit,0.027858126908540726,sklearn-multinomial-logit,5,1.9.0,1960706048,100000,178683904,249326592,3.12.9,ok,,15.0,2026-08-26T00:59:16.673130+00:00,0.7795458361506462
0.9296764153987169,-5.417888360170764e-14,MultinomialLogit,0.2676195427775383,sklearn-multinomial-logit,5,1.9.0,1960706048,1000000,295174144,681326592,3.12.9,ok,,15.0,2026-08-26T00:59:17.452825+00:00,1.0402492079883814
,,MultinomialLogit,,sklearn-multinomial-logit,5,,1960706048,10000000,0,5001326592,,preflight_oom,,15.0,2026-08-26T00:59:18.493212+00:00,
0.6262748762965202,-3.3306690738754696e-16,MultinomialLogit,0.0018446259200572968,sklearn-multinomial-logit,10,1.9.0,1960706048,1000,167084032,202286592,3.12.9,ok,,15.0,2026-08-26T00:59:18.493230+00:00,0.7833864167332649
0.6267211269587278,2.886579864025407e-15,MultinomialLogit,0.0041319578886032104,sklearn-multinomial-logit,10,1.9.0,1960706048,10000,167116800,210926592,3.12.9,ok,,15.0,2026-08-26T00:59:19.276767+00:00,0.7808816656470299
0.6608103755861521,5.162537064506978e-15,MultinomialLogit,0.02893945761024952,sklearn-multinomial-logit,10,1.9.0,1960706048,100000,182632448,297326592,3.12.9,ok,,15.0,2026-08-26T00:59:20.057812+00:00,0.7776086665689945
1.0404193345457315,8.659739592076221e-15,MultinomialLogit,0.3632223326712847,sklearn-multinomial-logit,10,1.9.0,1960706048,1000000,335331328,1161326592,3.12.9,ok,,15.0,2026-08-26T00:59:20.835569+00:00,1.1607047095894814
,,MultinomialLogit,,sklearn-multinomial-logit,10,,1960706048,10000000,0,9801326592,,preflight_oom,,15.0,2026-08-26T00:59:21.996412+00:00,
0.6267740838229656,1.7763568394002505e-15,MultinomialLogit,0.001784125342965126,sklearn-multinomial-logit,20,1.9.0,1960706048,1000,167067648,203246592,3.12.9,ok,,15.0,2026-08-26T00:59:21.996440+00:00,0.7771576661616564
0.6212855000048876,9.992007221626409e-16,MultinomialLogit,0.004217874258756638,sklearn-multinomial-logit,20,1.9.0,1960706048,10000,169230336,220526592,3.12.9,ok,,15.0,2026-08-26T00:59:22.773733+00:00,0.7553580813109875
0.6654241643846035,1.2434497875801753e-14,MultinomialLogit,0.033653749153018,sklearn-multinomial-logit,20,1.9.0,1960706048,100000,191135744,393326592,3.12.9,ok,,15.0,2026-08-26T00:59:23.529244+00:00,0.8080906253308058
,,MultinomialLogit,,sklearn-multinomial-logit,20,,1960706048,1000000,0,2121326592,,preflight_oom,,15.0,2026-08-26T00:59:24.337478+00:00,
,,MultinomialLogit,,sklearn-multinomial-logit,20,,,10000000,,,,pruned_after_failure,,,,
0.6215802934020758,-8.187894806610529e-16,MultinomialLogit,0.0019291657954454422,sklearn-multinomial-logit,50,1.9.0,1960706048,1000,166985728,206126592,3.12.9,ok,,15.0,2026-08-26T00:59:24.337504+00:00,0.7730491273105145
0.6321376655250788,6.217248937900877e-15,MultinomialLogit,0.004633955657482147,sklearn-multinomial-logit,50,1.9.0,1960706048,10000,171081728,249326592,3.12.9,ok,,15.0,2026-08-26T00:59:25.110688+00:00,0.7793009150773287
0.6892957501113415,2.197200754672224e-14,MultinomialLogit,0.05156695656478405,sklearn-multinomial-logit,50,1.9.0,1960706048,100000,215089152,681326592,3.12.9,ok,,15.0,2026-08-26T00:59:25.890143+00:00,0.8384953737258911
,,MultinomialLogit,,sklearn-multinomial-logit,50,,1960706048,1000000,0,5001326592,,preflight_oom,,15.0,2026-08-26T00:59:26.728793+00:00,
,,MultinomialLogit,,sklearn-multinomial-logit,50,,,10000000,,,,pruned_after_failure,,,,
0.624952333047986,0.0,MultinomialLogit,0.0021512117236852646,sklearn-multinomial-logit,100,1.9.0,1960706048,1000,167067648,210926592,3.12.9,ok,,15.0,2026-08-26T00:59:26.728819+00:00,0.7829992901533842
0.6334011256694794,7.042977312465837e-16,MultinomialLogit,0.005302168428897858,sklearn-multinomial-logit,100,1.9.0,1960706048,10000,174882816,297326592,3.12.9,ok,,15.0,2026-08-26T00:59:27.511965+00:00,0.7730663325637579
0.7278842069208622,2.4147350785597155e-15,MultinomialLogit,0.06383833289146423,sklearn-multinomial-logit,100,1.9.0,1960706048,100000,254902272,1161326592,3.12.9,ok,,15.0,2026-08-26T00:59:28.285188+00:00,0.8979739174246788
,,MultinomialLogit,,sklearn-multinomial-logit,100,,1960706048,1000000,0,9801326592,,preflight_oom,,15.0,2026-08-26T00:59:29.183303+00:00,
,,MultinomialLogit,,sklearn-multinomial-logit,100,,,10000000,,,,pruned_after_failure,,,,
0.002244209870696068,0.0,Poisson,0.0003003329038619995,crabbymetrics,5,0.8.2,1960706048,1000,12075008,201606592,3.12.9,ok,,15.0,2026-08-26T00:59:29.183334+00:00,0.06568720750510693
0.004693584516644478,0.0,Poisson,0.0021678339689970016,crabbymetrics,5,0.8.2,1960706048,10000,12124160,204126592,3.12.9,ok,,15.0,2026-08-26T00:59:29.249139+00:00,0.0663775410503149
0.029692834243178368,0.0,Poisson,0.021752456203103065,crabbymetrics,5,0.8.2,1960706048,100000,61571072,229326592,3.12.9,ok,,15.0,2026-08-26T00:59:29.315630+00:00,0.13058012537658215
0.2824708726257086,0.0,Poisson,0.22139670699834824,crabbymetrics,5,0.8.2,1960706048,1000000,221167616,481326592,3.12.9,ok,,15.0,2026-08-26T00:59:29.446339+00:00,0.3919180817902088
,,Poisson,,crabbymetrics,5,,1960706048,10000000,0,3001326592,,preflight_oom,,15.0,2026-08-26T00:59:29.838395+00:00,
0.0023671239614486694,0.0,Poisson,0.0004298333078622818,crabbymetrics,10,0.8.2,1960706048,1000,12222464,201886592,3.12.9,ok,,15.0,2026-08-26T00:59:29.838415+00:00,0.06706754118204117
0.005745915696024895,0.0,Poisson,0.0031122080981731415,crabbymetrics,10,0.8.2,1960706048,10000,12124160,206926592,3.12.9,ok,,15.0,2026-08-26T00:59:29.905593+00:00,0.13075404055416584
0.04063766822218895,0.0,Poisson,0.030779581516981125,crabbymetrics,10,0.8.2,1960706048,100000,73728000,257326592,3.12.9,ok,,15.0,2026-08-26T00:59:30.036469+00:00,0.1335937101393938
0.48980462551116943,0.0,Poisson,0.4092548340559006,crabbymetrics,10,0.8.2,1960706048,1000000,341262336,761326592,3.12.9,ok,,15.0,2026-08-26T00:59:30.170196+00:00,0.5856352522969246
,,Poisson,,crabbymetrics,10,,1960706048,10000000,0,5801326592,,preflight_oom,,15.0,2026-08-26T00:59:30.755958+00:00,
0.0025803763419389725,0.0,Poisson,0.0005915425717830658,crabbymetrics,20,0.8.2,1960706048,1000,12140544,202446592,3.12.9,ok,,15.0,2026-08-26T00:59:30.755976+00:00,0.06711537390947342
0.008457915857434273,0.0,Poisson,0.005400039255619049,crabbymetrics,20,0.8.2,1960706048,10000,49086464,212526592,3.12.9,ok,,15.0,2026-08-26T00:59:30.823195+00:00,0.1229346264153719
0.0732419565320015,0.0,Poisson,0.05920283496379852,crabbymetrics,20,0.8.2,1960706048,100000,81313792,313326592,3.12.9,ok,,15.0,2026-08-26T00:59:30.946256+00:00,0.19781595841050148
3.6821116246283054,0.0,Poisson,3.5617498345673084,crabbymetrics,20,0.8.2,1960706048,1000000,581124096,1321326592,3.12.9,ok,,15.0,2026-08-26T00:59:31.144195+00:00,3.8103340454399586
,,Poisson,,crabbymetrics,20,,1960706048,10000000,0,11401326592,,preflight_oom,,15.0,2026-08-26T00:59:34.954686+00:00,
0.003567581996321678,0.0,Poisson,0.0014705006033182144,crabbymetrics,50,0.8.2,1960706048,1000,12222464,204126592,3.12.9,ok,,15.0,2026-08-26T00:59:34.954704+00:00,0.067737290635705
0.018503917381167412,0.0,Poisson,0.014126665890216827,crabbymetrics,50,0.8.2,1960706048,10000,56115200,229326592,3.12.9,ok,,15.0,2026-08-26T00:59:35.022559+00:00,0.12161683477461338
0.23757929168641567,0.0,Poisson,0.21096016466617584,crabbymetrics,50,0.8.2,1960706048,100000,169656320,481326592,3.12.9,ok,,15.0,2026-08-26T00:59:35.144298+00:00,0.32724391855299473
,,Poisson,,crabbymetrics,50,,1960706048,1000000,0,3001326592,,preflight_oom,,15.0,2026-08-26T00:59:35.471678+00:00,
,,Poisson,,crabbymetrics,50,,,10000000,,,,pruned_after_failure,,,,
0.006612915545701981,0.0,Poisson,0.004245122894644737,crabbymetrics,100,0.8.2,1960706048,1000,10125312,206926592,3.12.9,ok,,15.0,2026-08-26T00:59:35.471699+00:00,0.13074154034256935
0.041656751185655594,0.0,Poisson,0.03519941493868828,crabbymetrics,100,0.8.2,1960706048,10000,68190208,257326592,3.12.9,ok,,15.0,2026-08-26T00:59:35.602562+00:00,0.1311856247484684
0.5223769173026085,0.0,Poisson,0.4750832077115774,crabbymetrics,100,0.8.2,1960706048,100000,289538048,761326592,3.12.9,ok,,15.0,2026-08-26T00:59:35.733885+00:00,0.5904969163239002
,,Poisson,,crabbymetrics,100,,1960706048,1000000,0,5801326592,,preflight_oom,,15.0,2026-08-26T00:59:36.324511+00:00,
,,Poisson,,crabbymetrics,100,,,10000000,,,,pruned_after_failure,,,,
0.9797447510063648,0.6436858579793939,Poisson,0.35743279196321964,sklearn-poisson-regressor,5,1.9.0,1960706048,1000,166772736,201606592,3.12.9,ok,,15.0,2026-08-26T00:59:36.324532+00:00,1.0970837082713842
0.630628252401948,0.7074293855885396,Poisson,0.001876460388302803,sklearn-poisson-regressor,5,1.9.0,1960706048,10000,166920192,204126592,3.12.9,ok,,15.0,2026-08-26T00:59:37.421748+00:00,0.7780175413936377
0.6385727915912867,0.7039188171613253,Poisson,0.008475542068481445,sklearn-poisson-regressor,5,1.9.0,1960706048,100000,175390720,229326592,3.12.9,ok,,15.0,2026-08-26T00:59:38.199905+00:00,0.7727359589189291
0.7586766630411148,0.7083522787067783,Poisson,0.07693691924214363,sklearn-poisson-regressor,5,1.9.0,1960706048,1000000,264601600,481326592,3.12.9,ok,,15.0,2026-08-26T00:59:38.972783+00:00,0.8992240447551012
,,Poisson,,sklearn-poisson-regressor,5,,1960706048,10000000,0,3001326592,,preflight_oom,,15.0,2026-08-26T00:59:39.872144+00:00,
0.6231205835938454,1.0401720930131648,Poisson,0.0012492518872022629,sklearn-poisson-regressor,10,1.9.0,1960706048,1000,166969344,201886592,3.12.9,ok,,15.0,2026-08-26T00:59:39.872165+00:00,0.7688521668314934
0.6280125416815281,1.020104477802403,Poisson,0.001786084845662117,sklearn-poisson-regressor,10,1.9.0,1960706048,10000,166887424,206926592,3.12.9,ok,,15.0,2026-08-26T00:59:40.641153+00:00,0.7743089571595192
0.6336457915604115,0.9978923455424594,Poisson,0.006674623116850853,sklearn-poisson-regressor,10,1.9.0,1960706048,100000,179601408,257326592,3.12.9,ok,,15.0,2026-08-26T00:59:41.415620+00:00,0.7814097087830305
0.7648133337497711,1.001720552890382,Poisson,0.06231658346951008,sklearn-poisson-regressor,10,1.9.0,1960706048,1000000,304742400,761326592,3.12.9,ok,,15.0,2026-08-26T00:59:42.197178+00:00,0.8871649578213692
,,Poisson,,sklearn-poisson-regressor,10,,1960706048,10000000,0,5801326592,,preflight_oom,,15.0,2026-08-26T00:59:43.084488+00:00,
0.6251827515661716,1.4906376977304885,Poisson,0.0013336259871721268,sklearn-poisson-regressor,20,1.9.0,1960706048,1000,167002112,202446592,3.12.9,ok,,15.0,2026-08-26T00:59:43.084510+00:00,0.7648604568094015
0.6208282466977835,1.4238830371042177,Poisson,0.001808207482099533,sklearn-poisson-regressor,20,1.9.0,1960706048,10000,169050112,212526592,3.12.9,ok,,15.0,2026-08-26T00:59:43.849508+00:00,0.7705384995788336
0.6452733762562275,1.4198365778844748,Poisson,0.007964042946696281,sklearn-poisson-regressor,20,1.9.0,1960706048,100000,187416576,313326592,3.12.9,ok,,15.0,2026-08-26T00:59:44.620200+00:00,0.773460790514946
0.8078520819544792,1.418684631913213,Poisson,0.07075325027108192,sklearn-poisson-regressor,20,1.9.0,1960706048,1000000,384417792,1321326592,3.12.9,ok,,15.0,2026-08-26T00:59:45.393809+00:00,0.9685959164053202
,,Poisson,,sklearn-poisson-regressor,20,,1960706048,10000000,0,11401326592,,preflight_oom,,15.0,2026-08-26T00:59:46.362551+00:00,
0.6196018327027559,2.1645015641189222,Poisson,0.0013200435787439346,sklearn-poisson-regressor,50,1.9.0,1960706048,1000,167002112,204126592,3.12.9,ok,,15.0,2026-08-26T00:59:46.362577+00:00,0.7761053759604692
0.6195237934589386,2.2237029111272535,Poisson,0.001912582665681839,sklearn-poisson-regressor,50,1.9.0,1960706048,10000,166920192,229326592,3.12.9,ok,,15.0,2026-08-26T00:59:47.138825+00:00,0.7801019176840782
0.6573980394750834,2.2337377496967705,Poisson,0.013494955375790596,sklearn-poisson-regressor,50,1.9.0,1960706048,100000,211599360,481326592,3.12.9,ok,,15.0,2026-08-26T00:59:47.919075+00:00,0.7824187930673361
,,Poisson,,sklearn-poisson-regressor,50,,1960706048,1000000,0,3001326592,,preflight_oom,,15.0,2026-08-26T00:59:48.701651+00:00,
,,Poisson,,sklearn-poisson-regressor,50,,,10000000,,,,pruned_after_failure,,,,
0.6217655446380377,3.125443031743028,Poisson,0.0014380831271409988,sklearn-poisson-regressor,100,1.9.0,1960706048,1000,166821888,206926592,3.12.9,ok,,15.0,2026-08-26T00:59:48.701674+00:00,0.7729094997048378
0.624570706859231,3.1907976101394384,Poisson,0.002294667065143585,sklearn-poisson-regressor,100,1.9.0,1960706048,10000,174997504,257326592,3.12.9,ok,,15.0,2026-08-26T00:59:49.474721+00:00,0.7826724164187908
0.6972849182784557,3.1664299067562385,Poisson,0.02265804447233677,sklearn-poisson-regressor,100,1.9.0,1960706048,100000,251527168,761326592,3.12.9,ok,,15.0,2026-08-26T00:59:50.257545+00:00,0.832565376535058
,,Poisson,,sklearn-poisson-regressor,100,,1960706048,1000000,0,5801326592,,preflight_oom,,15.0,2026-08-26T00:59:51.090259+00:00,
,,Poisson,,sklearn-poisson-regressor,100,,,10000000,,,,pruned_after_failure,,,,
0.002781292423605919,0.0,ExponentialPH,0.0008437503129243851,crabbymetrics,5,0.8.2,1960706048,1000,12124160,201646592,3.12.9,ok,,15.0,2026-08-26T00:59:51.090291+00:00,0.06704887561500072
0.008848750963807106,0.0,ExponentialPH,0.006634501740336418,crabbymetrics,5,0.8.2,1960706048,10000,10092544,204526592,3.12.9,ok,,15.0,2026-08-26T00:59:51.157450+00:00,0.13013333454728127
0.0610763318836689,0.0,ExponentialPH,0.05501900054514408,crabbymetrics,5,0.8.2,1960706048,100000,56426496,233326592,3.12.9,ok,,15.0,2026-08-26T00:59:51.287711+00:00,0.1858230009675026
1.4373564161360264,0.0,ExponentialPH,1.3943499997258186,crabbymetrics,5,0.8.2,1960706048,1000000,175063040,521326592,3.12.9,ok,,15.0,2026-08-26T00:59:51.473672+00:00,1.5465935003012419
,,ExponentialPH,,crabbymetrics,5,,1960706048,10000000,0,3401326592,,preflight_oom,,15.0,2026-08-26T00:59:53.020415+00:00,
0.0032827071845531464,0.0,ExponentialPH,0.0013653747737407684,crabbymetrics,10,0.8.2,1960706048,1000,12140544,201966592,3.12.9,ok,,15.0,2026-08-26T00:59:53.020437+00:00,0.0673965010792017
0.012442000210285187,0.0,ExponentialPH,0.010037500411272049,crabbymetrics,10,0.8.2,1960706048,10000,45596672,207726592,3.12.9,ok,,15.0,2026-08-26T00:59:53.087953+00:00,0.13038241676986217
0.13882233388721943,0.0,ExponentialPH,0.13058916479349136,crabbymetrics,10,0.8.2,1960706048,100000,64471040,265326592,3.12.9,ok,,15.0,2026-08-26T00:59:53.218465+00:00,0.26373658515512943
1.028111169114709,0.0,ExponentialPH,0.9646794572472572,crabbymetrics,10,0.8.2,1960706048,1000000,254984192,841326592,3.12.9,ok,,15.0,2026-08-26T00:59:53.482339+00:00,1.096613334491849
,,ExponentialPH,,crabbymetrics,10,,1960706048,10000000,0,6601326592,,preflight_oom,,15.0,2026-08-26T00:59:54.579079+00:00,
0.004813084378838539,0.0,ExponentialPH,0.0028190389275550842,crabbymetrics,20,0.8.2,1960706048,1000,11010048,202606592,3.12.9,ok,,15.0,2026-08-26T00:59:54.579103+00:00,0.13129720836877823
0.02903112582862377,0.0,ExponentialPH,0.026187999173998833,crabbymetrics,20,0.8.2,1960706048,10000,46694400,214126592,3.12.9,ok,,15.0,2026-08-26T00:59:54.710507+00:00,0.1319159585982561
0.27256341837346554,0.0,ExponentialPH,0.2601721677929163,crabbymetrics,20,0.8.2,1960706048,100000,80838656,329326592,3.12.9,ok,,15.0,2026-08-26T00:59:54.842551+00:00,0.3897947911173105
2.69658737257123,0.0,ExponentialPH,2.5905575435608625,crabbymetrics,20,0.8.2,1960706048,1000000,414875648,1481326592,3.12.9,ok,,15.0,2026-08-26T00:59:55.232484+00:00,2.8252743761986494
,,ExponentialPH,,crabbymetrics,20,,1960706048,10000000,0,13001326592,,preflight_oom,,15.0,2026-08-26T00:59:58.057921+00:00,
0.020609751343727112,0.0,ExponentialPH,0.018541788682341576,crabbymetrics,50,0.8.2,1960706048,1000,44269568,204526592,3.12.9,ok,,15.0,2026-08-26T00:59:58.057943+00:00,0.1322194579988718
0.1482072900980711,0.0,ExponentialPH,0.14401599951088428,crabbymetrics,50,0.8.2,1960706048,10000,51822592,233326592,3.12.9,ok,,15.0,2026-08-26T00:59:58.190298+00:00,0.2612876258790493
1.45444125123322,0.0,ExponentialPH,1.429114332422614,crabbymetrics,50,0.8.2,1960706048,100000,128696320,521326592,3.12.9,ok,,15.0,2026-08-26T00:59:58.451723+00:00,1.5329819172620773
,,ExponentialPH,,crabbymetrics,50,,1960706048,1000000,0,3401326592,,preflight_oom,,15.0,2026-08-26T00:59:59.984843+00:00,
,,ExponentialPH,,crabbymetrics,50,,,10000000,,,,pruned_after_failure,,,,
0.07253546081483364,0.0,ExponentialPH,0.06991704367101192,crabbymetrics,100,0.8.2,1960706048,1000,45072384,207726592,3.12.9,ok,,15.0,2026-08-26T00:59:59.984864+00:00,0.1972348764538765
0.6427730843424797,0.0,ExponentialPH,0.6358244568109512,crabbymetrics,100,0.8.2,1960706048,10000,59817984,265326592,3.12.9,ok,,15.0,2026-08-26T01:00:00.182211+00:00,0.7192411236464977
6.280278084799647,0.0,ExponentialPH,6.227698419243097,crabbymetrics,100,0.8.2,1960706048,100000,208404480,841326592,3.12.9,ok,,15.0,2026-08-26T01:00:00.901589+00:00,6.3918125834316015
,,ExponentialPH,,crabbymetrics,100,,1960706048,1000000,0,6601326592,,preflight_oom,,15.0,2026-08-26T01:00:07.293571+00:00,
,,ExponentialPH,,crabbymetrics,100,,,10000000,,,,pruned_after_failure,,,,
0.0027979593724012375,0.0,WeibullPH,0.0008670426905155182,crabbymetrics,5,0.8.2,1960706048,1000,12107776,201686592,3.12.9,ok,,15.0,2026-08-26T01:00:07.293601+00:00,0.06718162633478642
0.00944741815328598,0.0,WeibullPH,0.007145458832383156,crabbymetrics,5,0.8.2,1960706048,10000,44711936,204926592,3.12.9,ok,,15.0,2026-08-26T01:00:07.360905+00:00,0.12437920644879341
0.06239658407866955,0.0,WeibullPH,0.0554755013436079,crabbymetrics,5,0.8.2,1960706048,100000,56508416,237326592,3.12.9,ok,,15.0,2026-08-26T01:00:07.485408+00:00,0.13206187635660172
0.8491802513599396,0.0,WeibullPH,0.8067419994622469,crabbymetrics,5,0.8.2,1960706048,1000000,174800896,561326592,3.12.9,ok,,15.0,2026-08-26T01:00:07.617606+00:00,0.9120155833661556
,,WeibullPH,,crabbymetrics,5,,1960706048,10000000,0,3801326592,,preflight_oom,,15.0,2026-08-26T01:00:08.529741+00:00,
0.0034005828201770782,0.0,WeibullPH,0.001453625038266182,crabbymetrics,10,0.8.2,1960706048,1000,9191424,202046592,3.12.9,ok,,15.0,2026-08-26T01:00:08.529761+00:00,0.1285379584878683
0.01347270980477333,0.0,WeibullPH,0.011001292616128922,crabbymetrics,10,0.8.2,1960706048,10000,45531136,208526592,3.12.9,ok,,15.0,2026-08-26T01:00:08.658422+00:00,0.13228945806622505
0.11778620816767216,0.0,WeibullPH,0.10890350118279457,crabbymetrics,10,0.8.2,1960706048,100000,64585728,273326592,3.12.9,ok,,15.0,2026-08-26T01:00:08.790850+00:00,0.19718270935118198
1.1188217923045158,0.0,WeibullPH,1.0539633315056562,crabbymetrics,10,0.8.2,1960706048,1000000,254853120,921326592,3.12.9,ok,,15.0,2026-08-26T01:00:08.988160+00:00,1.20882916636765
,,WeibullPH,,crabbymetrics,10,,1960706048,10000000,0,7401326592,,preflight_oom,,15.0,2026-08-26T01:00:10.197136+00:00,
0.004949875175952911,0.0,WeibullPH,0.0029677078127861023,crabbymetrics,20,0.8.2,1960706048,1000,12140544,202766592,3.12.9,ok,,15.0,2026-08-26T01:00:10.197155+00:00,0.06666241772472858
0.030575541779398918,0.0,WeibullPH,0.02767045609652996,crabbymetrics,20,0.8.2,1960706048,10000,46858240,215726592,3.12.9,ok,,15.0,2026-08-26T01:00:10.263925+00:00,0.13044391572475433
0.285843875259161,0.0,WeibullPH,0.2727635409682989,crabbymetrics,20,0.8.2,1960706048,100000,80560128,345326592,3.12.9,ok,,15.0,2026-08-26T01:00:10.394507+00:00,0.38972541503608227
2.8868576250970364,0.0,WeibullPH,2.7830402925610542,crabbymetrics,20,0.8.2,1960706048,1000000,415285248,1641326592,3.12.9,ok,,15.0,2026-08-26T01:00:10.784373+00:00,3.001972207799554
,,WeibullPH,,crabbymetrics,20,,1960706048,10000000,0,14601326592,,preflight_oom,,15.0,2026-08-26T01:00:13.786506+00:00,
0.02110970765352249,0.0,WeibullPH,0.01896812580525875,crabbymetrics,50,0.8.2,1960706048,1000,44302336,204926592,3.12.9,ok,,15.0,2026-08-26T01:00:13.786529+00:00,0.13175496086478233
0.14949008263647556,0.0,WeibullPH,0.1452857069671154,crabbymetrics,50,0.8.2,1960706048,10000,51822592,237326592,3.12.9,ok,,15.0,2026-08-26T01:00:13.918414+00:00,0.2626525815576315
1.4904963318258524,0.0,WeibullPH,1.46477341465652,crabbymetrics,50,0.8.2,1960706048,100000,128499712,561326592,3.12.9,ok,,15.0,2026-08-26T01:00:14.181204+00:00,1.5669222921133041
,,WeibullPH,,crabbymetrics,50,,1960706048,1000000,0,3801326592,,preflight_oom,,15.0,2026-08-26T01:00:15.748270+00:00,
,,WeibullPH,,crabbymetrics,50,,,10000000,,,,pruned_after_failure,,,,
0.07143587619066238,0.0,WeibullPH,0.0691293329000473,crabbymetrics,100,0.8.2,1960706048,1000,45023232,208526592,3.12.9,ok,,15.0,2026-08-26T01:00:15.748289+00:00,0.19238608330488205
0.6394230425357819,0.0,WeibullPH,0.6322691235691309,crabbymetrics,100,0.8.2,1960706048,10000,59867136,273326592,3.12.9,ok,,15.0,2026-08-26T01:00:15.940815+00:00,0.7655256669968367
6.288293961435556,0.0,WeibullPH,6.242428332567215,crabbymetrics,100,0.8.2,1960706048,100000,208437248,921326592,3.12.9,ok,,15.0,2026-08-26T01:00:16.706493+00:00,6.361381331458688
,,WeibullPH,,crabbymetrics,100,,1960706048,1000000,0,7401326592,,preflight_oom,,15.0,2026-08-26T01:00:23.068049+00:00,
,,WeibullPH,,crabbymetrics,100,,,10000000,,,,pruned_after_failure,,,,
0.04748908244073391,0.0,CoxPH,0.045518916100263596,crabbymetrics,5,0.8.2,1960706048,1000,43515904,201806592,3.12.9,ok,,15.0,2026-08-26T01:00:23.068075+00:00,0.12731825187802315
4.451925376430154,0.0,CoxPH,4.448261955752969,crabbymetrics,5,0.8.2,1960706048,10000,44810240,206126592,3.12.9,ok,,15.0,2026-08-26T01:00:23.195513+00:00,4.572694247588515
,,CoxPH,,crabbymetrics,5,,1960706048,100000,57950208,249326592,,timeout,,15.0,2026-08-26T01:00:27.768369+00:00,15.018677458167076
,,CoxPH,,crabbymetrics,5,,,1000000,,,,pruned_after_failure,,,,
,,CoxPH,,crabbymetrics,5,,,10000000,,,,pruned_after_failure,,,,
0.06562124937772751,0.0,CoxPH,0.06367641687393188,crabbymetrics,10,0.8.2,1960706048,1000,43466752,202286592,3.12.9,ok,,15.0,2026-08-26T01:00:42.787242+00:00,0.1897305827587843
6.301779830828309,0.0,CoxPH,6.298019083216786,crabbymetrics,10,0.8.2,1960706048,10000,45219840,210926592,3.12.9,ok,,15.0,2026-08-26T01:00:42.977112+00:00,6.410752708092332
,,CoxPH,,crabbymetrics,10,,1960706048,100000,65978368,297326592,,timeout,,15.0,2026-08-26T01:00:49.388044+00:00,15.045968333259225
,,CoxPH,,crabbymetrics,10,,,1000000,,,,pruned_after_failure,,,,
,,CoxPH,,crabbymetrics,10,,,10000000,,,,pruned_after_failure,,,,
0.18019504472613335,0.0,CoxPH,0.17742779292166233,crabbymetrics,20,0.8.2,1960706048,1000,43565056,203246592,3.12.9,ok,,15.0,2026-08-26T01:01:04.434204+00:00,0.26032041758298874
,,CoxPH,,crabbymetrics,20,,1960706048,10000,46874624,220526592,,timeout,,15.0,2026-08-26T01:01:04.694648+00:00,15.047471916303039
,,CoxPH,,crabbymetrics,20,,,100000,,,,pruned_after_failure,,,,
,,CoxPH,,crabbymetrics,20,,,1000000,,,,pruned_after_failure,,,,
,,CoxPH,,crabbymetrics,20,,,10000000,,,,pruned_after_failure,,,,
0.9875167924910784,0.0,CoxPH,0.9841520003974438,crabbymetrics,50,0.8.2,1960706048,1000,44154880,206126592,3.12.9,ok,,15.0,2026-08-26T01:01:19.742310+00:00,1.0888595003634691
,,CoxPH,,crabbymetrics,50,,1960706048,10000,51757056,249326592,,timeout,,15.0,2026-08-26T01:01:20.831311+00:00,15.00852283462882
,,CoxPH,,crabbymetrics,50,,,100000,,,,pruned_after_failure,,,,
,,CoxPH,,crabbymetrics,50,,,1000000,,,,pruned_after_failure,,,,
,,CoxPH,,crabbymetrics,50,,,10000000,,,,pruned_after_failure,,,,
3.6420798748731613,0.0,CoxPH,3.6387124601751566,crabbymetrics,100,0.8.2,1960706048,1000,44941312,210926592,3.12.9,ok,,15.0,2026-08-26T01:01:35.840027+00:00,3.7111175004392862
,,CoxPH,,crabbymetrics,100,,1960706048,10000,59768832,297326592,,timeout,,15.0,2026-08-26T01:01:39.551288+00:00,15.068285834044218
,,CoxPH,,crabbymetrics,100,,,100000,,,,pruned_after_failure,,,,
,,CoxPH,,crabbymetrics,100,,,1000000,,,,pruned_after_failure,,,,
,,CoxPH,,crabbymetrics,100,,,10000000,,,,pruned_after_failure,,,,
1.1810061652213335,1.1530975547849913,CoxPH,0.20108258351683617,lifelines-cox-ph,5,0.30.0,1960706048,1000,145981440,201806592,3.12.9,ok,,15.0,2026-08-26T01:01:54.619763+00:00,1.2913197912275791
0.7247433736920357,1.1315442058076535,CoxPH,0.25655224919319153,lifelines-cox-ph,5,0.30.0,1960706048,10000,149667840,206126592,3.12.9,ok,,15.0,2026-08-26T01:01:55.911223+00:00,0.8383196238428354
3.0625157076865435,1.1466526392356509,CoxPH,2.5877202916890383,lifelines-cox-ph,5,0.30.0,1960706048,100000,195936256,249326592,3.12.9,ok,,15.0,2026-08-26T01:01:56.749682+00:00,3.216992249712348
,,CoxPH,,lifelines-cox-ph,5,,1960706048,1000000,493158400,681326592,,timeout,,15.0,2026-08-26T01:01:59.966856+00:00,15.04259224794805
,,CoxPH,,lifelines-cox-ph,5,,,10000000,,,,pruned_after_failure,,,,
0.50108945928514,1.8075649303001473,CoxPH,0.03420116566121578,lifelines-cox-ph,10,0.30.0,1960706048,1000,146292736,202286592,3.12.9,ok,,15.0,2026-08-26T01:02:15.009653+00:00,0.6517392918467522
0.7309837490320206,1.6472933468400608,CoxPH,0.2658255845308304,lifelines-cox-ph,10,0.30.0,1960706048,10000,150274048,210926592,3.12.9,ok,,15.0,2026-08-26T01:02:15.661529+00:00,0.8383716251701117
3.019111583009362,1.6386987871555798,CoxPH,2.541275918483734,lifelines-cox-ph,10,0.30.0,1960706048,100000,221298688,297326592,3.12.9,ok,,15.0,2026-08-26T01:02:16.500049+00:00,3.158180706202984
,,CoxPH,,lifelines-cox-ph,10,,1960706048,1000000,701104128,1161326592,,timeout,,15.0,2026-08-26T01:02:19.658393+00:00,15.04077716730535
,,CoxPH,,lifelines-cox-ph,10,,,10000000,,,,pruned_after_failure,,,,
0.5098656248301268,2.172633803934468,CoxPH,0.03977591544389725,lifelines-cox-ph,20,0.30.0,1960706048,1000,146767872,203246592,3.12.9,ok,,15.0,2026-08-26T01:02:34.699368+00:00,0.6317752916365862
0.7743036225438118,2.2514548572085173,CoxPH,0.29758516885340214,lifelines-cox-ph,20,0.30.0,1960706048,10000,158056448,220526592,3.12.9,ok,,15.0,2026-08-26T01:02:35.331278+00:00,0.9081155452877283
4.200156664475799,2.343570355456341,CoxPH,3.7246320005506277,lifelines-cox-ph,20,0.30.0,1960706048,100000,269352960,393326592,3.12.9,ok,,15.0,2026-08-26T01:02:36.239538+00:00,4.3534705843776464
,,CoxPH,,lifelines-cox-ph,20,,1960706048,1000000,0,2121326592,,preflight_oom,,15.0,2026-08-26T01:02:40.593186+00:00,
,,CoxPH,,lifelines-cox-ph,20,,,10000000,,,,pruned_after_failure,,,,
0.5468302480876446,4.217591783026685,CoxPH,0.07898170687258244,lifelines-cox-ph,50,0.30.0,1960706048,1000,148013056,206126592,3.12.9,ok,,15.0,2026-08-26T01:02:40.593213+00:00,0.6567372921854258
1.0491833742707968,3.678695206308911,CoxPH,0.5810185000300407,lifelines-cox-ph,50,0.30.0,1960706048,10000,172621824,249326592,3.12.9,ok,,15.0,2026-08-26T01:02:41.250081+00:00,1.1691509578377008
7.064844375476241,3.6930175293552923,CoxPH,6.565710499882698,lifelines-cox-ph,50,0.30.0,1960706048,100000,418791424,681326592,3.12.9,ok,,15.0,2026-08-26T01:02:42.419368+00:00,7.190780622884631
,,CoxPH,,lifelines-cox-ph,50,,1960706048,1000000,0,5001326592,,preflight_oom,,15.0,2026-08-26T01:02:49.610327+00:00,
,,CoxPH,,lifelines-cox-ph,50,,,10000000,,,,pruned_after_failure,,,,
0.9733907077461481,5.547262576428832,CoxPH,0.5099850837141275,lifelines-cox-ph,100,0.30.0,1960706048,1000,152223744,210926592,3.12.9,ok,,15.0,2026-08-26T01:02:49.610347+00:00,1.096181707456708
1.6988764572888613,5.266765358211383,CoxPH,1.2312629595398903,lifelines-cox-ph,100,0.30.0,1960706048,10000,196755456,297326592,3.12.9,ok,,15.0,2026-08-26T01:02:50.706661+00:00,1.8292364161461592
11.184686459600925,5.223287706373203,CoxPH,10.649086834862828,lifelines-cox-ph,100,0.30.0,1960706048,100000,580616192,1161326592,3.12.9,ok,,15.0,2026-08-26T01:02:52.536045+00:00,11.331966165453196
,,CoxPH,,lifelines-cox-ph,100,,1960706048,1000000,0,9801326592,,preflight_oom,,15.0,2026-08-26T01:03:03.868212+00:00,
,,CoxPH,,lifelines-cox-ph,100,,,10000000,,,,pruned_after_failure,,,,
,1.1934,CoxPH,0.27,r-survival-coxph,5,R version 4.5.0 (2025-04-11),1960706048,1000,169902080,201806592,,ok,,15.0,2026-08-26T01:03:03.868240+00:00,0.3947950843721628
,1.1471,CoxPH,0.283,r-survival-coxph,5,R version 4.5.0 (2025-04-11),1960706048,10000,175669248,206126592,,ok,,15.0,2026-08-26T01:03:04.263209+00:00,0.391673332080245
,1.1515,CoxPH,0.471,r-survival-coxph,5,R version 4.5.0 (2025-04-11),1960706048,100000,218890240,249326592,,ok,,15.0,2026-08-26T01:03:04.655059+00:00,0.5877207908779383
,1.1501,CoxPH,2.59,r-survival-coxph,5,R version 4.5.0 (2025-04-11),1960706048,1000000,1231405056,681326592,,ok,,15.0,2026-08-26T01:03:05.242956+00:00,2.8615204580128193
,,CoxPH,,r-survival-coxph,5,,1960706048,10000000,0,5001326592,,preflight_oom,,15.0,2026-08-26T01:03:08.104673+00:00,
,1.7478,CoxPH,0.26,r-survival-coxph,10,R version 4.5.0 (2025-04-11),1960706048,1000,171671552,202286592,,ok,,15.0,2026-08-26T01:03:08.104695+00:00,0.38596187345683575
,1.683,CoxPH,0.278,r-survival-coxph,10,R version 4.5.0 (2025-04-11),1960706048,10000,168902656,210926592,,ok,,15.0,2026-08-26T01:03:08.490831+00:00,0.3939521238207817
,1.6708,CoxPH,0.595,r-survival-coxph,10,R version 4.5.0 (2025-04-11),1960706048,100000,350781440,297326592,,ok,,15.0,2026-08-26T01:03:08.884971+00:00,0.7665420398116112
,1.6403,CoxPH,3.194,r-survival-coxph,10,R version 4.5.0 (2025-04-11),1960706048,1000000,1692516352,1161326592,,ok,,15.0,2026-08-26T01:03:09.651691+00:00,3.5456815846264362
,,CoxPH,,r-survival-coxph,10,,1960706048,10000000,0,9801326592,,preflight_oom,,15.0,2026-08-26T01:03:13.197575+00:00,
,2.4925,CoxPH,0.262,r-survival-coxph,20,R version 4.5.0 (2025-04-11),1960706048,1000,173195264,203246592,,ok,,15.0,2026-08-26T01:03:13.197598+00:00,0.3934332523494959
,2.2701,CoxPH,0.291,r-survival-coxph,20,R version 4.5.0 (2025-04-11),1960706048,10000,162938880,220526592,,ok,,15.0,2026-08-26T01:03:13.591205+00:00,0.39066641591489315
,2.329,CoxPH,0.772,r-survival-coxph,20,R version 4.5.0 (2025-04-11),1960706048,100000,416006144,393326592,,ok,,15.0,2026-08-26T01:03:13.982053+00:00,0.904406039044261
,,CoxPH,,r-survival-coxph,20,,1960706048,1000000,0,2121326592,,preflight_oom,,15.0,2026-08-26T01:03:14.886654+00:00,
,,CoxPH,,r-survival-coxph,20,,,10000000,,,,pruned_after_failure,,,,
,3.7548,CoxPH,0.267,r-survival-coxph,50,R version 4.5.0 (2025-04-11),1960706048,1000,160530432,206126592,,ok,,15.0,2026-08-26T01:03:14.886672+00:00,0.3895549178123474
,3.6763,CoxPH,0.361,r-survival-coxph,50,R version 4.5.0 (2025-04-11),1960706048,10000,217759744,249326592,,ok,,15.0,2026-08-26T01:03:15.276409+00:00,0.5207775831222534
,3.6613,CoxPH,1.516,r-survival-coxph,50,R version 4.5.0 (2025-04-11),1960706048,100000,707198976,681326592,,ok,,15.0,2026-08-26T01:03:15.797390+00:00,1.731246206909418
,,CoxPH,,r-survival-coxph,50,,1960706048,1000000,0,5001326592,,preflight_oom,,15.0,2026-08-26T01:03:17.528838+00:00,
,,CoxPH,,r-survival-coxph,50,,,10000000,,,,pruned_after_failure,,,,
,6.764,CoxPH,0.293,r-survival-coxph,100,R version 4.5.0 (2025-04-11),1960706048,1000,166887424,210926592,,ok,,15.0,2026-08-26T01:03:17.528859+00:00,0.39018204249441624
,5.1667,CoxPH,0.605,r-survival-coxph,100,R version 4.5.0 (2025-04-11),1960706048,10000,277151744,297326592,,ok,,15.0,2026-08-26T01:03:17.919197+00:00,0.7710348330438137
,5.2206,CoxPH,3.744,r-survival-coxph,100,R version 4.5.0 (2025-04-11),1960706048,100000,1019592704,1161326592,,ok,,15.0,2026-08-26T01:03:18.690415+00:00,4.066643085330725
,,CoxPH,,r-survival-coxph,100,,1960706048,1000000,0,9801326592,,preflight_oom,,15.0,2026-08-26T01:03:22.757263+00:00,
,,CoxPH,,r-survival-coxph,100,,,10000000,,,,pruned_after_failure,,,,
0.23355937376618385,0.0,AndersenGill,0.02689412608742714,crabbymetrics,5,0.8.2,1960706048,1000,43712512,201806592,3.12.9,ok,,15.0,2026-08-26T01:03:22.757292+00:00,1.0854255836457014
2.7008776254951954,0.0,AndersenGill,2.6984122525900602,crabbymetrics,5,0.8.2,1960706048,10000,44580864,206126592,3.12.9,ok,,15.0,2026-08-26T01:03:23.842859+00:00,2.7666743341833353
,,AndersenGill,,crabbymetrics,5,,1960706048,100000,59654144,249326592,,timeout,,15.0,2026-08-26T01:03:26.609691+00:00,15.009112372994423
,,AndersenGill,,crabbymetrics,5,,,1000000,,,,pruned_after_failure,,,,
,,AndersenGill,,crabbymetrics,5,,,10000000,,,,pruned_after_failure,,,,
0.05083041824400425,0.0,AndersenGill,0.04880637489259243,crabbymetrics,10,0.8.2,1960706048,1000,43663360,202286592,3.12.9,ok,,15.0,2026-08-26T01:03:41.619003+00:00,0.1269347481429577
3.497592167928815,0.0,AndersenGill,3.4939254578202963,crabbymetrics,10,0.8.2,1960706048,10000,45236224,210926592,3.12.9,ok,,15.0,2026-08-26T01:03:41.746075+00:00,3.606303833425045
,,AndersenGill,,crabbymetrics,10,,1960706048,100000,67420160,297326592,,timeout,,15.0,2026-08-26T01:03:45.352546+00:00,15.06966483220458
,,AndersenGill,,crabbymetrics,10,,,1000000,,,,pruned_after_failure,,,,
,,AndersenGill,,crabbymetrics,10,,,10000000,,,,pruned_after_failure,,,,
0.1271974164992571,0.0,AndersenGill,0.12423608265817165,crabbymetrics,20,0.8.2,1960706048,1000,43483136,203246592,3.12.9,ok,,15.0,2026-08-26T01:04:00.422414+00:00,0.2527294587343931
8.629437375813723,0.0,AndersenGill,8.625534750521183,crabbymetrics,20,0.8.2,1960706048,10000,47038464,220526592,3.12.9,ok,,15.0,2026-08-26T01:04:00.675285+00:00,8.709532916545868
,,AndersenGill,,crabbymetrics,20,,1960706048,100000,83574784,393326592,,timeout,,15.0,2026-08-26T01:04:09.385017+00:00,15.066438456997275
,,AndersenGill,,crabbymetrics,20,,,1000000,,,,pruned_after_failure,,,,
,,AndersenGill,,crabbymetrics,20,,,10000000,,,,pruned_after_failure,,,,
0.46780008263885975,0.0,AndersenGill,0.4647585842758417,crabbymetrics,50,0.8.2,1960706048,1000,44220416,206126592,3.12.9,ok,,15.0,2026-08-26T01:04:24.451644+00:00,0.5775560420006514
,,AndersenGill,,crabbymetrics,50,,1960706048,10000,51822592,249326592,,timeout,,15.0,2026-08-26T01:04:25.029339+00:00,15.029973667114973
,,AndersenGill,,crabbymetrics,50,,,100000,,,,pruned_after_failure,,,,
,,AndersenGill,,crabbymetrics,50,,,1000000,,,,pruned_after_failure,,,,
,,AndersenGill,,crabbymetrics,50,,,10000000,,,,pruned_after_failure,,,,
2.3842274993658066,0.0,AndersenGill,2.3816409166902304,crabbymetrics,100,0.8.2,1960706048,1000,44924928,210926592,3.12.9,ok,,15.0,2026-08-26T01:04:40.059503+00:00,2.4915250428020954
,,AndersenGill,,crabbymetrics,100,,1960706048,10000,59768832,297326592,,timeout,,15.0,2026-08-26T01:04:42.551179+00:00,15.057154208421707
,,AndersenGill,,crabbymetrics,100,,,100000,,,,pruned_after_failure,,,,
,,AndersenGill,,crabbymetrics,100,,,1000000,,,,pruned_after_failure,,,,
,,AndersenGill,,crabbymetrics,100,,,10000000,,,,pruned_after_failure,,,,
,-0.0723,AndersenGill,0.263,r-survival-andersen-gill,5,R version 4.5.0 (2025-04-11),1960706048,1000,172261376,201806592,,ok,,15.0,2026-08-26T01:04:57.608530+00:00,0.38376024924218655
,-0.0085,AndersenGill,0.28,r-survival-andersen-gill,5,R version 4.5.0 (2025-04-11),1960706048,10000,160546816,206126592,,ok,,15.0,2026-08-26T01:04:57.992466+00:00,0.39035541750490665
,-0.0095,AndersenGill,0.582,r-survival-andersen-gill,5,R version 4.5.0 (2025-04-11),1960706048,100000,311885824,249326592,,ok,,15.0,2026-08-26T01:04:58.382997+00:00,0.707054540514946
,0.0015,AndersenGill,4.329,r-survival-andersen-gill,5,R version 4.5.0 (2025-04-11),1960706048,1000000,1418362880,681326592,,ok,,15.0,2026-08-26T01:04:59.090221+00:00,4.563668334856629
,,AndersenGill,,r-survival-andersen-gill,5,,1960706048,10000000,0,5001326592,,preflight_oom,,15.0,2026-08-26T01:05:03.654084+00:00,
,0.0263,AndersenGill,0.262,r-survival-andersen-gill,10,R version 4.5.0 (2025-04-11),1960706048,1000,177586176,202286592,,ok,,15.0,2026-08-26T01:05:03.654104+00:00,0.37620849907398224
,-0.0121,AndersenGill,0.286,r-survival-andersen-gill,10,R version 4.5.0 (2025-04-11),1960706048,10000,164413440,210926592,,ok,,15.0,2026-08-26T01:05:04.030473+00:00,0.3837460409849882
,0.0117,AndersenGill,0.675,r-survival-andersen-gill,10,R version 4.5.0 (2025-04-11),1960706048,100000,380354560,297326592,,ok,,15.0,2026-08-26T01:05:04.414395+00:00,0.8369824606925249
,,AndersenGill,,r-survival-andersen-gill,10,,1960706048,1000000,2025684992,1161326592,,killed_rss_guard,,15.0,2026-08-26T01:05:05.251552+00:00,5.231590960174799
,,AndersenGill,,r-survival-andersen-gill,10,,,10000000,,,,pruned_after_failure,,,,
,0.0284,AndersenGill,0.266,r-survival-andersen-gill,20,R version 4.5.0 (2025-04-11),1960706048,1000,182779904,203246592,,ok,,15.0,2026-08-26T01:05:10.483322+00:00,0.3733875397592783
,-0.0568,AndersenGill,0.303,r-survival-andersen-gill,20,R version 4.5.0 (2025-04-11),1960706048,10000,170557440,220526592,,ok,,15.0,2026-08-26T01:05:10.856884+00:00,0.45451816730201244
,-0.0061,AndersenGill,0.887,r-survival-andersen-gill,20,R version 4.5.0 (2025-04-11),1960706048,100000,488046592,393326592,,ok,,15.0,2026-08-26T01:05:11.311582+00:00,1.0426282528787851
,,AndersenGill,,r-survival-andersen-gill,20,,1960706048,1000000,0,2121326592,,preflight_oom,,15.0,2026-08-26T01:05:12.354398+00:00,
,,AndersenGill,,r-survival-andersen-gill,20,,,10000000,,,,pruned_after_failure,,,,
,-0.2744,AndersenGill,0.272,r-survival-andersen-gill,50,R version 4.5.0 (2025-04-11),1960706048,1000,160595968,206126592,,ok,,15.0,2026-08-26T01:05:12.354419+00:00,0.3841060008853674
,-0.0548,AndersenGill,0.39,r-survival-andersen-gill,50,R version 4.5.0 (2025-04-11),1960706048,10000,221528064,249326592,,ok,,15.0,2026-08-26T01:05:12.738684+00:00,0.5206865817308426
,0.0385,AndersenGill,2.372,r-survival-andersen-gill,50,R version 4.5.0 (2025-04-11),1960706048,100000,808157184,681326592,,ok,,15.0,2026-08-26T01:05:13.259552+00:00,2.5904824156314135
,,AndersenGill,,r-survival-andersen-gill,50,,1960706048,1000000,0,5001326592,,preflight_oom,,15.0,2026-08-26T01:05:15.850223+00:00,
,,AndersenGill,,r-survival-andersen-gill,50,,,10000000,,,,pruned_after_failure,,,,
,0.1135,AndersenGill,0.304,r-survival-andersen-gill,100,R version 4.5.0 (2025-04-11),1960706048,1000,172900352,210926592,,ok,,15.0,2026-08-26T01:05:15.850243+00:00,0.4562689606100321
,0.1369,AndersenGill,0.736,r-survival-andersen-gill,100,R version 4.5.0 (2025-04-11),1960706048,10000,261881856,297326592,,ok,,15.0,2026-08-26T01:05:16.306686+00:00,0.8980156239122152
,0.039,AndersenGill,7.089,r-survival-andersen-gill,100,R version 4.5.0 (2025-04-11),1960706048,100000,1221672960,1161326592,,ok,,15.0,2026-08-26T01:05:17.204900+00:00,7.426437374204397
,,AndersenGill,,r-survival-andersen-gill,100,,1960706048,1000000,0,9801326592,,preflight_oom,,15.0,2026-08-26T01:05:24.631570+00:00,
,,AndersenGill,,r-survival-andersen-gill,100,,,10000000,,,,pruned_after_failure,,,,
0.17939666658639908,0.0,TwoSLS,0.0008016657084226608,crabbymetrics,5,0.8.2,1960706048,1000,43581440,201806592,3.12.9,ok,,15.0,2026-08-26T01:05:24.631602+00:00,1.2866422925144434
0.003688415512442589,0.0,TwoSLS,0.0013171248137950897,crabbymetrics,5,0.8.2,1960706048,10000,12124160,206126592,3.12.9,ok,,15.0,2026-08-26T01:05:25.918382+00:00,0.067457165569067
0.029815085232257843,0.0,TwoSLS,0.012746332213282585,crabbymetrics,5,0.8.2,1960706048,100000,69222400,249326592,3.12.9,ok,,15.0,2026-08-26T01:05:25.985970+00:00,0.1305520012974739
0.2071196250617504,0.0,TwoSLS,0.14882820844650269,crabbymetrics,5,0.8.2,1960706048,1000000,627982336,681326592,3.12.9,ok,,15.0,2026-08-26T01:05:26.116646+00:00,0.30819262750446796
,,TwoSLS,,crabbymetrics,5,,1960706048,10000000,0,5001326592,,preflight_oom,,15.0,2026-08-26T01:05:26.424978+00:00,
0.0022287480533123016,0.0,TwoSLS,0.00031949952244758606,crabbymetrics,10,0.8.2,1960706048,1000,12255232,202286592,3.12.9,ok,,15.0,2026-08-26T01:05:26.424996+00:00,0.06727491691708565
0.006394209340214729,0.0,TwoSLS,0.003600751981139183,crabbymetrics,10,0.8.2,1960706048,10000,53280768,210926592,3.12.9,ok,,15.0,2026-08-26T01:05:26.492387+00:00,0.12382570840418339
0.04758458398282528,0.0,TwoSLS,0.035862747579813004,crabbymetrics,10,0.8.2,1960706048,100000,59293696,297326592,3.12.9,ok,,15.0,2026-08-26T01:05:26.616341+00:00,0.1251302920281887
0.5379585418850183,0.0,TwoSLS,0.4391185846179724,crabbymetrics,10,0.8.2,1960706048,1000000,1107918848,1161326592,3.12.9,ok,,15.0,2026-08-26T01:05:26.741607+00:00,0.647280041128397
,,TwoSLS,,crabbymetrics,10,,1960706048,10000000,0,9801326592,,preflight_oom,,15.0,2026-08-26T01:05:27.389032+00:00,
0.002990877255797386,0.0,TwoSLS,0.0010120850056409836,crabbymetrics,20,0.8.2,1960706048,1000,9994240,203246592,3.12.9,ok,,15.0,2026-08-26T01:05:27.389056+00:00,0.06676624901592731
0.015290498733520508,0.0,TwoSLS,0.011628707870841026,crabbymetrics,20,0.8.2,1960706048,10000,65454080,220526592,3.12.9,ok,,15.0,2026-08-26T01:05:27.455943+00:00,0.12840458378195763
0.140815831720829,0.0,TwoSLS,0.120944544672966,crabbymetrics,20,0.8.2,1960706048,100000,246497280,393326592,3.12.9,ok,,15.0,2026-08-26T01:05:27.584485+00:00,0.26272575184702873
,,TwoSLS,,crabbymetrics,20,,1960706048,1000000,0,2121326592,,preflight_oom,,15.0,2026-08-26T01:05:27.847349+00:00,
,,TwoSLS,,crabbymetrics,20,,,10000000,,,,pruned_after_failure,,,,
0.007265498861670494,0.0,TwoSLS,0.0050207506865262985,crabbymetrics,50,0.8.2,1960706048,1000,9486336,206126592,3.12.9,ok,,15.0,2026-08-26T01:05:27.847376+00:00,0.13214341551065445
0.06716199964284897,0.0,TwoSLS,0.06108229234814644,crabbymetrics,50,0.8.2,1960706048,10000,91996160,249326592,3.12.9,ok,,15.0,2026-08-26T01:05:27.979662+00:00,0.13327104225754738
0.7101224157959223,0.0,TwoSLS,0.6652319990098476,crabbymetrics,50,0.8.2,1960706048,100000,534069248,681326592,3.12.9,ok,,15.0,2026-08-26T01:05:28.113064+00:00,0.781469127163291
,,TwoSLS,,crabbymetrics,50,,1960706048,1000000,0,5001326592,,preflight_oom,,15.0,2026-08-26T01:05:28.894660+00:00,
,,TwoSLS,,crabbymetrics,50,,,10000000,,,,pruned_after_failure,,,,
0.021426044404506683,0.0,TwoSLS,0.018727082759141922,crabbymetrics,100,0.8.2,1960706048,1000,52150272,210926592,3.12.9,ok,,15.0,2026-08-26T01:05:28.894679+00:00,0.13052791729569435
0.2412222921848297,0.0,TwoSLS,0.2310220841318369,crabbymetrics,100,0.8.2,1960706048,10000,140279808,297326592,3.12.9,ok,,15.0,2026-08-26T01:05:29.025329+00:00,0.32653916627168655
2.7305549569427967,0.0,TwoSLS,2.644916458055377,crabbymetrics,100,0.8.2,1960706048,100000,1014120448,1161326592,3.12.9,ok,,15.0,2026-08-26T01:05:29.352012+00:00,2.7989850398153067
,,TwoSLS,,crabbymetrics,100,,1960706048,1000000,0,9801326592,,preflight_oom,,15.0,2026-08-26T01:05:32.151138+00:00,
,,TwoSLS,,crabbymetrics,100,,,10000000,,,,pruned_after_failure,,,,
14.436202919110656,2.333946610173584,TwoSLS,1.8394319154322147,pyfixest-iv,5,0.50.1,1960706048,1000,325189632,201806592,3.12.9,ok,,15.0,2026-08-26T01:05:32.151157+00:00,14.696402499452233
1.1427687928080559,2.332332591006886,TwoSLS,0.2596003767102957,pyfixest-iv,5,0.50.1,1960706048,10000,339640320,206126592,3.12.9,ok,,15.0,2026-08-26T01:05:46.847774+00:00,1.42593933083117
1.181415293365717,2.3542349683697,TwoSLS,0.2836829163134098,pyfixest-iv,5,0.50.1,1960706048,100000,496500736,249326592,3.12.9,ok,,15.0,2026-08-26T01:05:48.273867+00:00,1.407256543636322
,,TwoSLS,,pyfixest-iv,5,,1960706048,1000000,2044035072,681326592,,killed_rss_guard,,15.0,2026-08-26T01:05:49.681273+00:00,1.6266853753477335
,,TwoSLS,,pyfixest-iv,5,,,10000000,,,,pruned_after_failure,,,,
1.4339502099901438,2.881960302267345,TwoSLS,0.26358249969780445,pyfixest-iv,10,0.50.1,1960706048,1000,326483968,202286592,3.12.9,ok,,15.0,2026-08-26T01:05:51.308066+00:00,1.8658377099782228
1.1876562926918268,2.874836649041951,TwoSLS,0.2877673339098692,pyfixest-iv,10,0.50.1,1960706048,10000,351502336,210926592,3.12.9,ok,,15.0,2026-08-26T01:05:53.174055+00:00,1.4268901254981756
1.2275802101939917,2.9019443408208216,TwoSLS,0.3188807088881731,pyfixest-iv,10,0.50.1,1960706048,100000,621248512,297326592,3.12.9,ok,,15.0,2026-08-26T01:05:54.601102+00:00,1.471332000568509
,,TwoSLS,,pyfixest-iv,10,,1960706048,1000000,1968340992,1161326592,,killed_rss_guard,,15.0,2026-08-26T01:05:56.072583+00:00,1.5126403328031301
,,TwoSLS,,pyfixest-iv,10,,,10000000,,,,pruned_after_failure,,,,
1.150706959888339,3.7225127342666697,TwoSLS,0.2657155394554138,pyfixest-iv,20,0.50.1,1960706048,1000,329580544,203246592,3.12.9,ok,,15.0,2026-08-26T01:05:57.585334+00:00,1.4170678742229939
1.1660383753478527,3.618505105570394,TwoSLS,0.2688751257956028,pyfixest-iv,20,0.50.1,1960706048,10000,370868224,220526592,3.12.9,ok,,15.0,2026-08-26T01:05:59.002544+00:00,1.4188169576227665
1.2445218730717897,3.709215535627889,TwoSLS,0.3289314992725849,pyfixest-iv,20,0.50.1,1960706048,100000,883458048,393326592,3.12.9,ok,,15.0,2026-08-26T01:06:00.421510+00:00,1.4810309149324894
,,TwoSLS,,pyfixest-iv,20,,1960706048,1000000,0,2121326592,,preflight_oom,,15.0,2026-08-26T01:06:01.902680+00:00,
,,TwoSLS,,pyfixest-iv,20,,,10000000,,,,pruned_after_failure,,,,
1.1729373317211866,5.449932311560726,TwoSLS,0.2761057913303375,pyfixest-iv,50,0.50.1,1960706048,1000,338690048,206126592,3.12.9,ok,,15.0,2026-08-26T01:06:01.902702+00:00,1.424575250595808
1.1965068764984608,5.334807848354915,TwoSLS,0.2896014600992203,pyfixest-iv,50,0.50.1,1960706048,10000,459292672,249326592,3.12.9,ok,,15.0,2026-08-26T01:06:03.327410+00:00,1.4551778342574835
1.3808530010282993,5.202817160985687,TwoSLS,0.4288346692919731,pyfixest-iv,50,0.50.1,1960706048,100000,1658503168,681326592,3.12.9,ok,,15.0,2026-08-26T01:06:04.782739+00:00,1.6177650820463896
,,TwoSLS,,pyfixest-iv,50,,1960706048,1000000,0,5001326592,,preflight_oom,,15.0,2026-08-26T01:06:06.400653+00:00,
,,TwoSLS,,pyfixest-iv,50,,,10000000,,,,pruned_after_failure,,,,
1.2096352521330118,6.710609890096068,TwoSLS,0.3077055811882019,pyfixest-iv,100,0.50.1,1960706048,1000,357482496,210926592,3.12.9,ok,,15.0,2026-08-26T01:06:06.400672+00:00,1.4788843728601933
1.2425917088985443,6.993575901344139,TwoSLS,0.34078183211386204,pyfixest-iv,100,0.50.1,1960706048,10000,580550656,297326592,3.12.9,ok,,15.0,2026-08-26T01:06:07.879696+00:00,1.491843543946743
,,TwoSLS,,pyfixest-iv,100,,1960706048,100000,2074394624,1161326592,,killed_rss_guard,"<repo>/benchmarks/scaling/benchmark_cell.py:341: PerformanceWarning: DataFrame is highly fragmented.  This is usually the result of calling `frame.insert` many times, which has poor performance.  Consider joining all columns at once using pd.concat(axis=1) instead. To get a de-fragmented frame, use `newframe = frame.copy()`
  frame[f""z{j}""] = z[:, j]
<repo>/benchmarks/scaling/benchmark_cell.py:342: PerformanceWarning: DataFrame is highly fragmented.  This is usually the result of calling `frame.insert` many times, which has poor performance.  Consider joining all columns at once using pd.concat(axis=1) instead. To get a de-fragmented frame, use `newframe = frame.copy()`
  frame[""d""] = 0.7 * z[:, 0] + rng.normal(size=n)
",15.0,2026-08-26T01:06:09.371689+00:00,1.5865550432354212
,,TwoSLS,,pyfixest-iv,100,,,1000000,,,,pruned_after_failure,,,,
,,TwoSLS,,pyfixest-iv,100,,,10000000,,,,pruned_after_failure,,,,
0.5319931246340275,0.0,HorizontalPanelRidge,0.0008552931249141693,crabbymetrics,5,0.8.2,1960706048,1000,43941888,201566592,3.12.9,ok,,15.0,2026-08-26T01:06:10.958362+00:00,0.6273527108132839
0.0030668769031763077,0.0,HorizontalPanelRidge,0.0005752462893724442,crabbymetrics,5,0.8.2,1960706048,10000,9535488,203726592,3.12.9,ok,,15.0,2026-08-26T01:06:11.585847+00:00,0.06595337577164173
0.013402668759226799,0.0,HorizontalPanelRidge,0.004653207957744598,crabbymetrics,5,0.8.2,1960706048,100000,83378176,225326592,3.12.9,ok,,15.0,2026-08-26T01:06:11.651925+00:00,0.13067058473825455
0.1568340826779604,0.0,HorizontalPanelRidge,0.04792937636375427,crabbymetrics,5,0.8.2,1960706048,1000000,474218496,441326592,3.12.9,ok,,15.0,2026-08-26T01:06:11.782717+00:00,0.263114083558321
,,HorizontalPanelRidge,,crabbymetrics,5,,1960706048,10000000,0,2601326592,,preflight_oom,,15.0,2026-08-26T01:06:12.045966+00:00,
0.0021534189581871033,0.0,HorizontalPanelRidge,0.00018445774912834167,crabbymetrics,10,0.8.2,1960706048,1000,9256960,201806592,3.12.9,ok,,15.0,2026-08-26T01:06:12.045987+00:00,0.06477191857993603
0.004133373498916626,0.0,HorizontalPanelRidge,0.0010685399174690247,crabbymetrics,10,0.8.2,1960706048,10000,9633792,206126592,3.12.9,ok,,15.0,2026-08-26T01:06:12.110864+00:00,0.06555270776152611
0.022387750446796417,0.0,HorizontalPanelRidge,0.009386250749230385,crabbymetrics,10,0.8.2,1960706048,100000,122634240,249326592,3.12.9,ok,,15.0,2026-08-26T01:06:12.176535+00:00,0.1304947081953287
0.246094873175025,0.0,HorizontalPanelRidge,0.08863945864140987,crabbymetrics,10,0.8.2,1960706048,1000000,816005120,681326592,3.12.9,ok,,15.0,2026-08-26T01:06:12.307162+00:00,0.3246512934565544
,,HorizontalPanelRidge,,crabbymetrics,10,,1960706048,10000000,0,5001326592,,preflight_oom,,15.0,2026-08-26T01:06:12.631948+00:00,
0.0023072082549333572,0.0,HorizontalPanelRidge,0.00022812560200691223,crabbymetrics,20,0.8.2,1960706048,1000,9797632,202286592,3.12.9,ok,,15.0,2026-08-26T01:06:12.631968+00:00,0.06574070826172829
0.005969332531094551,0.0,HorizontalPanelRidge,0.0018956251442432404,crabbymetrics,20,0.8.2,1960706048,10000,12156928,210926592,3.12.9,ok,,15.0,2026-08-26T01:06:12.697827+00:00,0.13070325180888176
0.040099456906318665,0.0,HorizontalPanelRidge,0.01685441844165325,crabbymetrics,20,0.8.2,1960706048,100000,87670784,297326592,3.12.9,ok,,15.0,2026-08-26T01:06:12.828658+00:00,0.13279025070369244
0.4281471651047468,0.0,HorizontalPanelRidge,0.17355971038341522,crabbymetrics,20,0.8.2,1960706048,1000000,1604370432,1161326592,3.12.9,ok,,15.0,2026-08-26T01:06:12.961588+00:00,0.5217470433562994
,,HorizontalPanelRidge,,crabbymetrics,20,,1960706048,10000000,0,9801326592,,preflight_oom,,15.0,2026-08-26T01:06:13.483476+00:00,
0.002876041457056999,0.0,HorizontalPanelRidge,0.00048462487757205963,crabbymetrics,50,0.8.2,1960706048,1000,9961472,203726592,3.12.9,ok,,15.0,2026-08-26T01:06:13.483500+00:00,0.066190917044878
0.01222587563097477,0.0,HorizontalPanelRidge,0.0043284595012664795,crabbymetrics,50,0.8.2,1960706048,10000,81362944,225326592,3.12.9,ok,,15.0,2026-08-26T01:06:13.549806+00:00,0.1303140837699175
0.1007569171488285,0.0,HorizontalPanelRidge,0.04240454360842705,crabbymetrics,50,0.8.2,1960706048,100000,406814720,441326592,3.12.9,ok,,15.0,2026-08-26T01:06:13.680254+00:00,0.1988726258277893
,,HorizontalPanelRidge,,crabbymetrics,50,,1960706048,1000000,0,2601326592,,preflight_oom,,15.0,2026-08-26T01:06:13.879254+00:00,
,,HorizontalPanelRidge,,crabbymetrics,50,,,10000000,,,,pruned_after_failure,,,,
0.004291582852602005,0.0,HorizontalPanelRidge,0.001168498769402504,crabbymetrics,100,0.8.2,1960706048,1000,12173312,206126592,3.12.9,ok,,15.0,2026-08-26T01:06:13.879276+00:00,0.06736587546765804
0.0215425007045269,0.0,HorizontalPanelRidge,0.009266873821616173,crabbymetrics,100,0.8.2,1960706048,10000,121077760,249326592,3.12.9,ok,,15.0,2026-08-26T01:06:13.946746+00:00,0.13117700070142746
0.20556341670453548,0.0,HorizontalPanelRidge,0.09382075071334839,crabbymetrics,100,0.8.2,1960706048,100000,807796736,681326592,3.12.9,ok,,15.0,2026-08-26T01:06:14.078057+00:00,0.3261685390025377
,,HorizontalPanelRidge,,crabbymetrics,100,,1960706048,1000000,0,5001326592,,preflight_oom,,15.0,2026-08-26T01:06:14.404365+00:00,
,,HorizontalPanelRidge,,crabbymetrics,100,,,10000000,,,,pruned_after_failure,,,,
2.4296299163252115,1.3555704399548163,HorizontalPanelRidge,0.0004820004105567932,sklearn-ridge,5,1.9.0,1960706048,1000,166625280,201566592,3.12.9,ok,,15.0,2026-08-26T01:06:14.404396+00:00,2.568961624056101
0.6134005412459373,1.342434694296541,HorizontalPanelRidge,0.0006606262177228928,sklearn-ridge,5,1.9.0,1960706048,10000,166625280,203726592,3.12.9,ok,,15.0,2026-08-26T01:06:16.973511+00:00,0.7668360807001591
0.6135832499712706,1.3424348806336477,HorizontalPanelRidge,0.0028121229261159897,sklearn-ridge,5,1.9.0,1960706048,100000,175702016,225326592,3.12.9,ok,,15.0,2026-08-26T01:06:17.740505+00:00,0.7692871242761612
0.6656849607825279,1.342138657309469,HorizontalPanelRidge,0.024875832721590996,sklearn-ridge,5,1.9.0,1960706048,1000000,270614528,441326592,3.12.9,ok,,15.0,2026-08-26T01:06:18.509950+00:00,0.7808972485363483
,,HorizontalPanelRidge,,sklearn-ridge,5,,1960706048,10000000,0,2601326592,,preflight_oom,,15.0,2026-08-26T01:06:19.290998+00:00,
0.6126466244459152,1.8285426091818262,HorizontalPanelRidge,0.00046950019896030426,sklearn-ridge,10,1.9.0,1960706048,1000,164806656,201806592,3.12.9,ok,,15.0,2026-08-26T01:06:19.291018+00:00,0.7750971671193838
0.6139482073485851,1.8855753850394648,HorizontalPanelRidge,0.0006440002471208572,sklearn-ridge,10,1.9.0,1960706048,10000,166838272,206126592,3.12.9,ok,,15.0,2026-08-26T01:06:20.066267+00:00,0.7670995015650988
0.6246302090585232,1.9068423151022604,HorizontalPanelRidge,0.002476166933774948,sklearn-ridge,10,1.9.0,1960706048,100000,183648256,249326592,3.12.9,ok,,15.0,2026-08-26T01:06:20.833526+00:00,0.7772850431501865
0.683954831212759,1.8979574657267944,HorizontalPanelRidge,0.02281608246266842,sklearn-ridge,10,1.9.0,1960706048,1000000,350699520,681326592,3.12.9,ok,,15.0,2026-08-26T01:06:21.610969+00:00,0.8411328326910734
,,HorizontalPanelRidge,,sklearn-ridge,10,,1960706048,10000000,0,5001326592,,preflight_oom,,15.0,2026-08-26T01:06:22.452253+00:00,
0.6095576249063015,2.8511233502787072,HorizontalPanelRidge,0.0004835836589336395,sklearn-ridge,20,1.9.0,1960706048,1000,165347328,202286592,3.12.9,ok,,15.0,2026-08-26T01:06:22.452282+00:00,0.7811392918229103
0.6110877096652985,2.6305394770748207,HorizontalPanelRidge,0.0007955841720104218,sklearn-ridge,20,1.9.0,1960706048,10000,170049536,210926592,3.12.9,ok,,15.0,2026-08-26T01:06:23.233577+00:00,0.77468316629529
0.6331963315606117,2.7036197934795085,HorizontalPanelRidge,0.004273749887943268,sklearn-ridge,20,1.9.0,1960706048,100000,199917568,297326592,3.12.9,ok,,15.0,2026-08-26T01:06:24.008420+00:00,0.7689477074891329
0.7323593348264694,2.683510354754066,HorizontalPanelRidge,0.03906533122062683,sklearn-ridge,20,1.9.0,1960706048,1000000,510754816,1161326592,3.12.9,ok,,15.0,2026-08-26T01:06:24.777522+00:00,0.8458778336644173
,,HorizontalPanelRidge,,sklearn-ridge,20,,1960706048,10000000,0,9801326592,,preflight_oom,,15.0,2026-08-26T01:06:25.623546+00:00,
0.6236619185656309,4.417763253659926,HorizontalPanelRidge,0.0005475003272294998,sklearn-ridge,50,1.9.0,1960706048,1000,166412288,203726592,3.12.9,ok,,15.0,2026-08-26T01:06:25.623567+00:00,0.7731150817126036
0.6123217511922121,4.285450275194256,HorizontalPanelRidge,0.0012680403888225555,sklearn-ridge,50,1.9.0,1960706048,10000,167215104,225326592,3.12.9,ok,,15.0,2026-08-26T01:06:26.396818+00:00,0.7692239992320538
0.6459396686404943,4.207647106339785,HorizontalPanelRidge,0.009947581216692924,sklearn-ridge,50,1.9.0,1960706048,100000,248332288,441326592,3.12.9,ok,,15.0,2026-08-26T01:06:27.166208+00:00,0.7782742492854595
,,HorizontalPanelRidge,,sklearn-ridge,50,,1960706048,1000000,0,2601326592,,preflight_oom,,15.0,2026-08-26T01:06:27.944634+00:00,
,,HorizontalPanelRidge,,sklearn-ridge,50,,,10000000,,,,pruned_after_failure,,,,
0.6083266250789165,5.720800358594861,HorizontalPanelRidge,0.0006402470171451569,sklearn-ridge,100,1.9.0,1960706048,1000,166871040,206126592,3.12.9,ok,,15.0,2026-08-26T01:06:27.944655+00:00,0.7656017914414406
0.6254888344556093,5.966945251473462,HorizontalPanelRidge,0.0020329151302576065,sklearn-ridge,100,1.9.0,1960706048,10000,182517760,249326592,3.12.9,ok,,15.0,2026-08-26T01:06:28.710397+00:00,0.7698678746819496
0.6677803322672844,6.042518441623685,HorizontalPanelRidge,0.018633585423231125,sklearn-ridge,100,1.9.0,1960706048,100000,328630272,681326592,3.12.9,ok,,15.0,2026-08-26T01:06:29.480422+00:00,0.781663665547967
,,HorizontalPanelRidge,,sklearn-ridge,100,,1960706048,1000000,0,5001326592,,preflight_oom,,15.0,2026-08-26T01:06:30.262222+00:00,
,,HorizontalPanelRidge,,sklearn-ridge,100,,,10000000,,,,pruned_after_failure,,,,
0.396763127297163,0.0,SyntheticControl,0.044806038960814476,crabbymetrics,5,0.8.2,1960706048,1000,43171840,201646592,3.12.9,ok,,15.0,2026-08-26T01:06:30.262251+00:00,0.5197245422750711
0.002924250438809395,0.0,SyntheticControl,0.0006723739206790924,crabbymetrics,5,0.8.2,1960706048,10000,12746752,204526592,3.12.9,ok,,15.0,2026-08-26T01:06:30.782101+00:00,0.12584537453949451
0.012812791392207146,0.0,SyntheticControl,0.005650375038385391,crabbymetrics,5,0.8.2,1960706048,100000,60391424,233326592,3.12.9,ok,,15.0,2026-08-26T01:06:30.908078+00:00,0.13294129073619843
0.11120945774018764,0.0,SyntheticControl,0.05589808337390423,crabbymetrics,5,0.8.2,1960706048,1000000,204144640,521326592,3.12.9,ok,,15.0,2026-08-26T01:06:31.041154+00:00,0.1958591677248478
,,SyntheticControl,,crabbymetrics,5,,1960706048,10000000,0,3401326592,,preflight_oom,,15.0,2026-08-26T01:06:31.237127+00:00,
0.0021752920001745224,0.0,SyntheticControl,0.00024966709315776825,crabbymetrics,10,0.8.2,1960706048,1000,12107776,201966592,3.12.9,ok,,15.0,2026-08-26T01:06:31.237149+00:00,0.06559400074183941
0.004061000421643257,0.0,SyntheticControl,0.0013311635702848434,crabbymetrics,10,0.8.2,1960706048,10000,10092544,207726592,3.12.9,ok,,15.0,2026-08-26T01:06:31.302851+00:00,0.06562191620469093
0.023417292162775993,0.0,SyntheticControl,0.012195415794849396,crabbymetrics,10,0.8.2,1960706048,100000,71843840,265326592,3.12.9,ok,,15.0,2026-08-26T01:06:31.368597+00:00,0.13054191507399082
0.2484149169176817,0.0,SyntheticControl,0.1523537915199995,crabbymetrics,10,0.8.2,1960706048,1000000,324173824,841326592,3.12.9,ok,,15.0,2026-08-26T01:06:31.499263+00:00,0.32649766840040684
,,SyntheticControl,,crabbymetrics,10,,1960706048,10000000,0,6601326592,,preflight_oom,,15.0,2026-08-26T01:06:31.825890+00:00,
0.0023821238428354263,0.0,SyntheticControl,0.0004614591598510742,crabbymetrics,20,0.8.2,1960706048,1000,10059776,202606592,3.12.9,ok,,15.0,2026-08-26T01:06:31.825910+00:00,0.0661420002579689
0.006274498999118805,0.0,SyntheticControl,0.002793915569782257,crabbymetrics,20,0.8.2,1960706048,10000,12140544,214126592,3.12.9,ok,,15.0,2026-08-26T01:06:31.892159+00:00,0.06624099984765053
0.04740583337843418,0.0,SyntheticControl,0.0279404167085886,crabbymetrics,20,0.8.2,1960706048,100000,77053952,329326592,3.12.9,ok,,15.0,2026-08-26T01:06:31.958524+00:00,0.13038299977779388
0.8914373759180307,0.0,SyntheticControl,0.7155202105641365,crabbymetrics,20,0.8.2,1960706048,1000000,564215808,1481326592,3.12.9,ok,,15.0,2026-08-26T01:06:32.089021+00:00,0.960027540102601
,,SyntheticControl,,crabbymetrics,20,,1960706048,10000000,0,13001326592,,preflight_oom,,15.0,2026-08-26T01:06:33.049183+00:00,
0.003563748672604561,0.0,SyntheticControl,0.0013490840792655945,crabbymetrics,50,0.8.2,1960706048,1000,9748480,204526592,3.12.9,ok,,15.0,2026-08-26T01:06:33.049202+00:00,0.06576029025018215
0.014027582481503487,0.0,SyntheticControl,0.008004168048501015,crabbymetrics,50,0.8.2,1960706048,10000,56229888,233326592,3.12.9,ok,,15.0,2026-08-26T01:06:33.115072+00:00,0.13079649955034256
0.15926041640341282,0.0,SyntheticControl,0.1155472919344902,crabbymetrics,50,0.8.2,1960706048,100000,167936000,521326592,3.12.9,ok,,15.0,2026-08-26T01:06:33.245991+00:00,0.26177183352410793
,,SyntheticControl,,crabbymetrics,50,,1960706048,1000000,0,3401326592,,preflight_oom,,15.0,2026-08-26T01:06:33.507899+00:00,
,,SyntheticControl,,crabbymetrics,50,,,10000000,,,,pruned_after_failure,,,,
0.008383208885788918,0.0,SyntheticControl,0.005754711106419563,crabbymetrics,100,0.8.2,1960706048,1000,9830400,207726592,3.12.9,ok,,15.0,2026-08-26T01:06:33.507922+00:00,0.1271763350814581
0.02897270768880844,0.0,SyntheticControl,0.01885337382555008,crabbymetrics,100,0.8.2,1960706048,10000,67780608,265326592,3.12.9,ok,,15.0,2026-08-26T01:06:33.635226+00:00,0.13306516595184803
0.3424973748624325,0.0,SyntheticControl,0.2560525853186846,crabbymetrics,100,0.8.2,1960706048,100000,287834112,841326592,3.12.9,ok,,15.0,2026-08-26T01:06:33.768435+00:00,0.44765470921993256
,,SyntheticControl,,crabbymetrics,100,,1960706048,1000000,0,6601326592,,preflight_oom,,15.0,2026-08-26T01:06:34.216235+00:00,
,,SyntheticControl,,crabbymetrics,100,,,10000000,,,,pruned_after_failure,,,,
0.036155207082629204,0.0,SyntheticDID,0.03408154100179672,crabbymetrics,5,0.8.2,1960706048,1000,54460416,201806592,3.12.9,ok,,15.0,2026-08-26T01:06:34.216269+00:00,0.12241279147565365
,,SyntheticDID,,crabbymetrics,5,,1960706048,10000,1113571328,206126592,,timeout,,15.0,2026-08-26T01:06:34.338811+00:00,15.068104542791843
,,SyntheticDID,,crabbymetrics,5,,,100000,,,,pruned_after_failure,,,,
,,SyntheticDID,,crabbymetrics,5,,,1000000,,,,pruned_after_failure,,,,
,,SyntheticDID,,crabbymetrics,5,,,10000000,,,,pruned_after_failure,,,,
0.03619766794145107,0.0,SyntheticDID,0.03413825295865536,crabbymetrics,10,0.8.2,1960706048,1000,54427648,202286592,3.12.9,ok,,15.0,2026-08-26T01:06:49.407100+00:00,0.13040450029075146
,,SyntheticDID,,crabbymetrics,10,,1960706048,10000,1117159424,210926592,,timeout,,15.0,2026-08-26T01:06:49.537637+00:00,15.039470832794905
,,SyntheticDID,,crabbymetrics,10,,,100000,,,,pruned_after_failure,,,,
,,SyntheticDID,,crabbymetrics,10,,,1000000,,,,pruned_after_failure,,,,
,,SyntheticDID,,crabbymetrics,10,,,10000000,,,,pruned_after_failure,,,,
0.03658058121800423,0.0,SyntheticDID,0.03447358310222626,crabbymetrics,20,0.8.2,1960706048,1000,55115776,203246592,3.12.9,ok,,15.0,2026-08-26T01:07:04.577299+00:00,0.13082891702651978
,,SyntheticDID,,crabbymetrics,20,,1960706048,10000,1123762176,220526592,,timeout,,15.0,2026-08-26T01:07:04.708267+00:00,15.03821950033307
,,SyntheticDID,,crabbymetrics,20,,,100000,,,,pruned_after_failure,,,,
,,SyntheticDID,,crabbymetrics,20,,,1000000,,,,pruned_after_failure,,,,
,,SyntheticDID,,crabbymetrics,20,,,10000000,,,,pruned_after_failure,,,,
0.05418308265507221,0.0,SyntheticDID,0.05173249915242195,crabbymetrics,50,0.8.2,1960706048,1000,57327616,206126592,3.12.9,ok,,15.0,2026-08-26T01:07:19.746677+00:00,0.13211845606565475
,,SyntheticDID,,crabbymetrics,50,,1960706048,10000,1144651776,249326592,,timeout,,15.0,2026-08-26T01:07:19.878934+00:00,15.072441374883056
,,SyntheticDID,,crabbymetrics,50,,,100000,,,,pruned_after_failure,,,,
,,SyntheticDID,,crabbymetrics,50,,,1000000,,,,pruned_after_failure,,,,
,,SyntheticDID,,crabbymetrics,50,,,10000000,,,,pruned_after_failure,,,,
0.3735664580017328,0.0,SyntheticDID,0.3705132082104683,crabbymetrics,100,0.8.2,1960706048,1000,60899328,210926592,3.12.9,ok,,15.0,2026-08-26T01:07:34.951561+00:00,0.45393525063991547
,,SyntheticDID,,crabbymetrics,100,,1960706048,10000,1180434432,297326592,,timeout,,15.0,2026-08-26T01:07:35.405636+00:00,15.041391832754016
,,SyntheticDID,,crabbymetrics,100,,,100000,,,,pruned_after_failure,,,,
,,SyntheticDID,,crabbymetrics,100,,,1000000,,,,pruned_after_failure,,,,
,,SyntheticDID,,crabbymetrics,100,,,10000000,,,,pruned_after_failure,,,,
0.0362432487308979,0.0,AugmentedBalancing,0.03420933522284031,crabbymetrics,5,0.8.2,1960706048,1000,54575104,201966592,3.12.9,ok,,15.0,2026-08-26T01:07:50.447222+00:00,0.13063212670385838
,,AugmentedBalancing,,crabbymetrics,5,,1960706048,10000,1114292224,207726592,,timeout,,15.0,2026-08-26T01:07:50.577996+00:00,15.021438207477331
,,AugmentedBalancing,,crabbymetrics,5,,,100000,,,,pruned_after_failure,,,,
,,AugmentedBalancing,,crabbymetrics,5,,,1000000,,,,pruned_after_failure,,,,
,,AugmentedBalancing,,crabbymetrics,5,,,10000000,,,,pruned_after_failure,,,,
0.0368165448307991,0.0,AugmentedBalancing,0.03473720699548721,crabbymetrics,10,0.8.2,1960706048,1000,54542336,202606592,3.12.9,ok,,15.0,2026-08-26T01:08:05.599622+00:00,0.13094829209148884
,,AugmentedBalancing,,crabbymetrics,10,,1960706048,10000,1118191616,214126592,,timeout,,15.0,2026-08-26T01:08:05.730707+00:00,15.076925043016672
,,AugmentedBalancing,,crabbymetrics,10,,,100000,,,,pruned_after_failure,,,,
,,AugmentedBalancing,,crabbymetrics,10,,,1000000,,,,pruned_after_failure,,,,
,,AugmentedBalancing,,crabbymetrics,10,,,10000000,,,,pruned_after_failure,,,,
0.03870529122650623,0.0,AugmentedBalancing,0.03663146123290062,crabbymetrics,20,0.8.2,1960706048,1000,55492608,203886592,3.12.9,ok,,15.0,2026-08-26T01:08:20.807820+00:00,0.1269722916185856
,,AugmentedBalancing,,crabbymetrics,20,,1960706048,10000,1126072320,226926592,,timeout,,15.0,2026-08-26T01:08:20.934926+00:00,15.02525725029409
,,AugmentedBalancing,,crabbymetrics,20,,,100000,,,,pruned_after_failure,,,,
,,AugmentedBalancing,,crabbymetrics,20,,,1000000,,,,pruned_after_failure,,,,
,,AugmentedBalancing,,crabbymetrics,20,,,10000000,,,,pruned_after_failure,,,,
0.07039562612771988,0.0,AugmentedBalancing,0.06804100051522255,crabbymetrics,50,0.8.2,1960706048,1000,57933824,207726592,3.12.9,ok,,15.0,2026-08-26T01:08:35.960376+00:00,0.19569450058043003
,,AugmentedBalancing,,crabbymetrics,50,,1960706048,10000,1150238720,265326592,,timeout,,15.0,2026-08-26T01:08:36.156215+00:00,15.048156540840864
,,AugmentedBalancing,,crabbymetrics,50,,,100000,,,,pruned_after_failure,,,,
,,AugmentedBalancing,,crabbymetrics,50,,,1000000,,,,pruned_after_failure,,,,
,,AugmentedBalancing,,crabbymetrics,50,,,10000000,,,,pruned_after_failure,,,,
0.4464930407702923,0.0,AugmentedBalancing,0.44272416830062866,crabbymetrics,100,0.8.2,1960706048,1000,62750720,214126592,3.12.9,ok,,15.0,2026-08-26T01:08:51.204569+00:00,0.5696139987558126
,,AugmentedBalancing,,crabbymetrics,100,,1960706048,10000,1189838848,329326592,,timeout,,15.0,2026-08-26T01:08:51.774328+00:00,15.042162917554379
,,AugmentedBalancing,,crabbymetrics,100,,,100000,,,,pruned_after_failure,,,,
,,AugmentedBalancing,,crabbymetrics,100,,,1000000,,,,pruned_after_failure,,,,
,,AugmentedBalancing,,crabbymetrics,100,,,10000000,,,,pruned_after_failure,,,,
0.003121292218565941,0.0,MatrixCompletion,0.001134917140007019,crabbymetrics,5,0.8.2,1960706048,1000,12140544,201966592,3.12.9,ok,,15.0,2026-08-26T01:09:06.816696+00:00,0.06718883104622364
0.012445708736777306,0.0,MatrixCompletion,0.010171167552471161,crabbymetrics,5,0.8.2,1960706048,10000,48365568,207726592,3.12.9,ok,,15.0,2026-08-26T01:09:06.884019+00:00,0.1329687498509884
0.1017005406320095,0.0,MatrixCompletion,0.09609083458781242,crabbymetrics,5,0.8.2,1960706048,100000,93765632,265326592,3.12.9,ok,,15.0,2026-08-26T01:09:07.017129+00:00,0.20018554292619228
1.106835376471281,0.0,MatrixCompletion,1.0491597075015306,crabbymetrics,5,0.8.2,1960706048,1000000,523812864,841326592,3.12.9,ok,,15.0,2026-08-26T01:09:07.217457+00:00,1.187605207785964
,,MatrixCompletion,,crabbymetrics,5,,1960706048,10000000,0,6601326592,,preflight_oom,,15.0,2026-08-26T01:09:08.405201+00:00,
0.0042413752526044846,0.0,MatrixCompletion,0.0022614169865846634,crabbymetrics,10,0.8.2,1960706048,1000,11599872,202606592,3.12.9,ok,,15.0,2026-08-26T01:09:08.405218+00:00,0.13149075023829937
0.028425415977835655,0.0,MatrixCompletion,0.025217333808541298,crabbymetrics,10,0.8.2,1960706048,10000,51806208,214126592,3.12.9,ok,,15.0,2026-08-26T01:09:08.536838+00:00,0.13438495621085167
0.24906658381223679,0.0,MatrixCompletion,0.2411419991403818,crabbymetrics,10,0.8.2,1960706048,100000,137330688,329326592,3.12.9,ok,,15.0,2026-08-26T01:09:08.671364+00:00,0.33111933059990406
3.357369791716337,0.0,MatrixCompletion,3.272230541333556,crabbymetrics,10,0.8.2,1960706048,1000000,982777856,1481326592,3.12.9,ok,,15.0,2026-08-26T01:09:09.002638+00:00,3.4809971265494823
,,MatrixCompletion,,crabbymetrics,10,,1960706048,10000000,0,13001326592,,preflight_oom,,15.0,2026-08-26T01:09:12.483808+00:00,
0.006929665803909302,0.0,MatrixCompletion,0.004921833053231239,crabbymetrics,20,0.8.2,1960706048,1000,45400064,203886592,3.12.9,ok,,15.0,2026-08-26T01:09:12.483834+00:00,0.1319967918097973
0.06647233292460442,0.0,MatrixCompletion,0.06320183351635933,crabbymetrics,20,0.8.2,1960706048,10000,60293120,226926592,3.12.9,ok,,15.0,2026-08-26T01:09:12.615971+00:00,0.19663316570222378
0.7423890437930822,0.0,MatrixCompletion,0.7287589553743601,crabbymetrics,20,0.8.2,1960706048,100000,228982784,457326592,3.12.9,ok,,15.0,2026-08-26T01:09:12.812758+00:00,0.8530706651508808
,,MatrixCompletion,,crabbymetrics,20,,1960706048,1000000,0,2761326592,,preflight_oom,,15.0,2026-08-26T01:09:13.665964+00:00,
,,MatrixCompletion,,crabbymetrics,20,,,10000000,,,,pruned_after_failure,,,,
0.02183450013399124,0.0,MatrixCompletion,0.019658375531435013,crabbymetrics,50,0.8.2,1960706048,1000,48250880,207726592,3.12.9,ok,,15.0,2026-08-26T01:09:13.665984+00:00,0.13210991770029068
0.3099549151957035,0.0,MatrixCompletion,0.30510262586176395,crabbymetrics,50,0.8.2,1960706048,10000,89882624,265326592,3.12.9,ok,,15.0,2026-08-26T01:09:13.798214+00:00,0.3935771659016609
4.414274498820305,0.0,MatrixCompletion,4.381692290306091,crabbymetrics,50,0.8.2,1960706048,100000,504414208,841326592,3.12.9,ok,,15.0,2026-08-26T01:09:14.191928+00:00,4.50899999961257
,,MatrixCompletion,,crabbymetrics,50,,1960706048,1000000,0,6601326592,,preflight_oom,,15.0,2026-08-26T01:09:18.701085+00:00,
,,MatrixCompletion,,crabbymetrics,50,,,10000000,,,,pruned_after_failure,,,,
0.06849424727261066,0.0,MatrixCompletion,0.0658030416816473,crabbymetrics,100,0.8.2,1960706048,1000,52871168,214126592,3.12.9,ok,,15.0,2026-08-26T01:09:18.701107+00:00,0.19210566394031048
0.8068025838583708,0.0,MatrixCompletion,0.7985017523169518,crabbymetrics,100,0.8.2,1960706048,10000,137412608,329326592,3.12.9,ok,,15.0,2026-08-26T01:09:18.893343+00:00,0.8966433759778738
,,MatrixCompletion,,crabbymetrics,100,,1960706048,100000,963231744,1481326592,,timeout,,15.0,2026-08-26T01:09:19.790137+00:00,15.024470707401633
,,MatrixCompletion,,crabbymetrics,100,,,1000000,,,,pruned_after_failure,,,,
,,MatrixCompletion,,crabbymetrics,100,,,10000000,,,,pruned_after_failure,,,,
0.0021155402064323425,0.0,InteractiveFixedEffects,0.00013666599988937378,crabbymetrics,5,0.8.2,1960706048,1000,9994240,201806592,3.12.9,ok,,15.0,2026-08-26T01:09:34.814802+00:00,0.12791633233428001
0.0029074568301439285,0.0,InteractiveFixedEffects,0.0007109604775905609,crabbymetrics,5,0.8.2,1960706048,10000,10436608,206126592,3.12.9,ok,,15.0,2026-08-26T01:09:34.942856+00:00,0.13076837547123432
0.011734416708350182,0.0,InteractiveFixedEffects,0.006149044260382652,crabbymetrics,5,0.8.2,1960706048,100000,78397440,249326592,3.12.9,ok,,15.0,2026-08-26T01:09:35.073768+00:00,0.13326983526349068
0.12789553962647915,0.0,InteractiveFixedEffects,0.07062208466231823,crabbymetrics,5,0.8.2,1960706048,1000000,264896512,681326592,3.12.9,ok,,15.0,2026-08-26T01:09:35.207177+00:00,0.19531020894646645
,,InteractiveFixedEffects,,crabbymetrics,5,,1960706048,10000000,0,5001326592,,preflight_oom,,15.0,2026-08-26T01:09:35.402616+00:00,
0.0020974576473236084,0.0,InteractiveFixedEffects,0.00017466768622398376,crabbymetrics,10,0.8.2,1960706048,1000,12222464,202286592,3.12.9,ok,,15.0,2026-08-26T01:09:35.402637+00:00,0.06464437581598759
0.003936000168323517,0.0,InteractiveFixedEffects,0.001323208212852478,crabbymetrics,10,0.8.2,1960706048,10000,12222464,210926592,3.12.9,ok,,15.0,2026-08-26T01:09:35.467384+00:00,0.0655860397964716
0.02097187377512455,0.0,InteractiveFixedEffects,0.01213962584733963,crabbymetrics,10,0.8.2,1960706048,100000,110166016,297326592,3.12.9,ok,,15.0,2026-08-26T01:09:35.533088+00:00,0.1327961254864931
0.23430304042994976,0.0,InteractiveFixedEffects,0.14973912574350834,crabbymetrics,10,0.8.2,1960706048,1000000,628146176,1161326592,3.12.9,ok,,15.0,2026-08-26T01:09:35.666018+00:00,0.3246225845068693
,,InteractiveFixedEffects,,crabbymetrics,10,,1960706048,10000000,0,9801326592,,preflight_oom,,15.0,2026-08-26T01:09:35.990782+00:00,
0.0022728331387043,0.0,InteractiveFixedEffects,0.0003025420010089874,crabbymetrics,20,0.8.2,1960706048,1000,13156352,203246592,3.12.9,ok,,15.0,2026-08-26T01:09:35.990801+00:00,0.06545354053378105
0.005767330527305603,0.0,InteractiveFixedEffects,0.0025717075914144516,crabbymetrics,20,0.8.2,1960706048,10000,13418496,220526592,3.12.9,ok,,15.0,2026-08-26T01:09:36.056371+00:00,0.13225974701344967
0.03949033282697201,0.0,InteractiveFixedEffects,0.026490749791264534,crabbymetrics,20,0.8.2,1960706048,100000,120094720,393326592,3.12.9,ok,,15.0,2026-08-26T01:09:36.188762+00:00,0.13410445861518383
,,InteractiveFixedEffects,,crabbymetrics,20,,1960706048,1000000,0,2121326592,,preflight_oom,,15.0,2026-08-26T01:09:36.323003+00:00,
,,InteractiveFixedEffects,,crabbymetrics,20,,,10000000,,,,pruned_after_failure,,,,
0.002919500693678856,0.0,InteractiveFixedEffects,0.0007705818861722946,crabbymetrics,50,0.8.2,1960706048,1000,13500416,206126592,3.12.9,ok,,15.0,2026-08-26T01:09:36.323020+00:00,0.06723879277706146
0.01169758290052414,0.0,InteractiveFixedEffects,0.006943915039300919,crabbymetrics,50,0.8.2,1960706048,10000,75382784,249326592,3.12.9,ok,,15.0,2026-08-26T01:09:36.390372+00:00,0.12543962709605694
0.11074074730277061,0.0,InteractiveFixedEffects,0.07865945622324944,crabbymetrics,50,0.8.2,1960706048,100000,312459264,681326592,3.12.9,ok,,15.0,2026-08-26T01:09:36.515949+00:00,0.19873308390378952
,,InteractiveFixedEffects,,crabbymetrics,50,,1960706048,1000000,0,5001326592,,preflight_oom,,15.0,2026-08-26T01:09:36.714822+00:00,
,,InteractiveFixedEffects,,crabbymetrics,50,,,10000000,,,,pruned_after_failure,,,,
0.004690876230597496,0.0,InteractiveFixedEffects,0.0020637065172195435,crabbymetrics,100,0.8.2,1960706048,1000,13090816,210926592,3.12.9,ok,,15.0,2026-08-26T01:09:36.714842+00:00,0.06710724905133247
0.02237408235669136,0.0,InteractiveFixedEffects,0.014950333163142204,crabbymetrics,100,0.8.2,1960706048,10000,98500608,297326592,3.12.9,ok,,15.0,2026-08-26T01:09:36.782050+00:00,0.1320782508701086
0.22877587378025055,0.0,InteractiveFixedEffects,0.17038670741021633,crabbymetrics,100,0.8.2,1960706048,100000,601473024,1161326592,3.12.9,ok,,15.0,2026-08-26T01:09:36.914252+00:00,0.32050541788339615
,,InteractiveFixedEffects,,crabbymetrics,100,,1960706048,1000000,0,9801326592,,preflight_oom,,15.0,2026-08-26T01:09:37.234896+00:00,
,,InteractiveFixedEffects,,crabbymetrics,100,,,10000000,,,,pruned_after_failure,,,,
0.0020585842430591583,0.0,BalancingWeights,0.00012395717203617096,crabbymetrics,5,0.8.2,1960706048,1000,12746752,201806592,3.12.9,ok,,15.0,2026-08-26T01:09:37.234926+00:00,0.06715450063347816
0.0027014166116714478,0.0,BalancingWeights,0.0005649589002132416,crabbymetrics,5,0.8.2,1960706048,10000,13287424,206126592,3.12.9,ok,,15.0,2026-08-26T01:09:37.302195+00:00,0.06506800092756748
0.009609583765268326,0.0,BalancingWeights,0.004890624433755875,crabbymetrics,5,0.8.2,1960706048,100000,12992512,249326592,3.12.9,ok,,15.0,2026-08-26T01:09:37.367371+00:00,0.1318124160170555
0.08176820911467075,0.0,BalancingWeights,0.05294741876423359,crabbymetrics,5,0.8.2,1960706048,1000000,320897024,681326592,3.12.9,ok,,15.0,2026-08-26T01:09:37.499303+00:00,0.19728216528892517
,,BalancingWeights,,crabbymetrics,5,,1960706048,10000000,0,5001326592,,preflight_oom,,15.0,2026-08-26T01:09:37.696736+00:00,
0.0020778346806764603,0.0,BalancingWeights,0.0001621674746274948,crabbymetrics,10,0.8.2,1960706048,1000,10878976,202286592,3.12.9,ok,,15.0,2026-08-26T01:09:37.696759+00:00,0.06738149933516979
0.0033080819994211197,0.0,BalancingWeights,0.0010427925735712051,crabbymetrics,10,0.8.2,1960706048,10000,10682368,210926592,3.12.9,ok,,15.0,2026-08-26T01:09:37.764264+00:00,0.06600049883127213
0.016263209283351898,0.0,BalancingWeights,0.009425584226846695,crabbymetrics,10,0.8.2,1960706048,100000,93388800,297326592,3.12.9,ok,,15.0,2026-08-26T01:09:37.830393+00:00,0.13211458176374435
0.1707624178379774,0.0,BalancingWeights,0.12285520695149899,crabbymetrics,10,0.8.2,1960706048,1000000,536723456,1161326592,3.12.9,ok,,15.0,2026-08-26T01:09:37.962635+00:00,0.2601146250963211
,,BalancingWeights,,crabbymetrics,10,,1960706048,10000000,0,9801326592,,preflight_oom,,15.0,2026-08-26T01:09:38.222879+00:00,
0.0021971669048070908,0.0,BalancingWeights,0.00027225352823734283,crabbymetrics,20,0.8.2,1960706048,1000,10829824,203246592,3.12.9,ok,,15.0,2026-08-26T01:09:38.222898+00:00,0.06574633158743382
0.0047957077622413635,0.0,BalancingWeights,0.0021112505346536636,crabbymetrics,20,0.8.2,1960706048,10000,10977280,220526592,3.12.9,ok,,15.0,2026-08-26T01:09:38.288751+00:00,0.06596549972891808
0.0342462919652462,0.0,BalancingWeights,0.02352508343756199,crabbymetrics,20,0.8.2,1960706048,100000,106610688,393326592,3.12.9,ok,,15.0,2026-08-26T01:09:38.354838+00:00,0.13103504292666912
,,BalancingWeights,,crabbymetrics,20,,1960706048,1000000,0,2121326592,,preflight_oom,,15.0,2026-08-26T01:09:38.485997+00:00,
,,BalancingWeights,,crabbymetrics,20,,,10000000,,,,pruned_after_failure,,,,
0.004569750279188156,0.0,BalancingWeights,0.002527248114347458,crabbymetrics,50,0.8.2,1960706048,1000,12255232,206126592,3.12.9,ok,,15.0,2026-08-26T01:09:38.486016+00:00,0.12528058513998985
0.00983862578868866,0.0,BalancingWeights,0.005834292620420456,crabbymetrics,50,0.8.2,1960706048,10000,65896448,249326592,3.12.9,ok,,15.0,2026-08-26T01:09:38.611420+00:00,0.13235974870622158
0.10829262621700764,0.0,BalancingWeights,0.08520595915615559,crabbymetrics,50,0.8.2,1960706048,100000,265289728,681326592,3.12.9,ok,,15.0,2026-08-26T01:09:38.743922+00:00,0.19999670796096325
,,BalancingWeights,,crabbymetrics,50,,1960706048,1000000,0,5001326592,,preflight_oom,,15.0,2026-08-26T01:09:38.944059+00:00,
,,BalancingWeights,,crabbymetrics,50,,,10000000,,,,pruned_after_failure,,,,
0.024100081995129585,0.0,BalancingWeights,0.021735666319727898,crabbymetrics,100,0.8.2,1960706048,1000,48496640,210926592,3.12.9,ok,,15.0,2026-08-26T01:09:38.944082+00:00,0.12879258207976818
0.022681500762701035,0.0,BalancingWeights,0.016521835699677467,crabbymetrics,100,0.8.2,1960706048,10000,87244800,297326592,3.12.9,ok,,15.0,2026-08-26T01:09:39.073002+00:00,0.13320841826498508
0.25535029359161854,0.0,BalancingWeights,0.21131429076194763,crabbymetrics,100,0.8.2,1960706048,100000,481886208,1161326592,3.12.9,ok,,15.0,2026-08-26T01:09:39.206362+00:00,0.32821041718125343
,,BalancingWeights,,crabbymetrics,100,,1960706048,1000000,0,9801326592,,preflight_oom,,15.0,2026-08-26T01:09:39.534712+00:00,
,,BalancingWeights,,crabbymetrics,100,,,10000000,,,,pruned_after_failure,,,,
0.002226291224360466,0.0,MEstimator,0.00029979273676872253,crabbymetrics,5,0.8.2,1960706048,1000,13221888,201726592,3.12.9,ok,,15.0,2026-08-26T01:09:39.534738+00:00,0.06666158139705658
0.003100043162703514,0.0,MEstimator,0.0009804163128137589,crabbymetrics,5,0.8.2,1960706048,10000,12730368,205326592,3.12.9,ok,,15.0,2026-08-26T01:09:39.601520+00:00,0.06552975066006184
0.013421788811683655,0.0,MEstimator,0.008036207407712936,crabbymetrics,5,0.8.2,1960706048,100000,56295424,241326592,3.12.9,ok,,15.0,2026-08-26T01:09:39.667166+00:00,0.13240983337163925
0.11987620778381824,0.0,MEstimator,0.08374308235943317,crabbymetrics,5,0.8.2,1960706048,1000000,164167680,601326592,3.12.9,ok,,15.0,2026-08-26T01:09:39.799713+00:00,0.1995929591357708
,,MEstimator,,crabbymetrics,5,,1960706048,10000000,0,4201326592,,preflight_oom,,15.0,2026-08-26T01:09:39.999431+00:00,
0.0021961666643619537,0.0,MEstimator,0.0002866256982088089,crabbymetrics,10,0.8.2,1960706048,1000,13041664,202126592,3.12.9,ok,,15.0,2026-08-26T01:09:39.999451+00:00,0.06708595715463161
0.0030310414731502533,0.0,MEstimator,0.0005587078630924225,crabbymetrics,10,0.8.2,1960706048,10000,10665984,209326592,3.12.9,ok,,15.0,2026-08-26T01:09:40.066647+00:00,0.0659638736397028
0.01129908300936222,0.0,MEstimator,0.0037333760410547256,crabbymetrics,10,0.8.2,1960706048,100000,64274432,281326592,3.12.9,ok,,15.0,2026-08-26T01:09:40.132730+00:00,0.12324345856904984
0.10971449874341488,0.0,MEstimator,0.051103416830301285,crabbymetrics,10,0.8.2,1960706048,1000000,244023296,1001326592,3.12.9,ok,,15.0,2026-08-26T01:09:40.256084+00:00,0.19806470721960068
,,MEstimator,,crabbymetrics,10,,1960706048,10000000,0,8201326592,,preflight_oom,,15.0,2026-08-26T01:09:40.454279+00:00,
0.0023015420883893967,0.0,MEstimator,0.0003234986215829849,crabbymetrics,20,0.8.2,1960706048,1000,10960896,202926592,3.12.9,ok,,15.0,2026-08-26T01:09:40.454301+00:00,0.06648187525570393
0.0035205837339162827,0.0,MEstimator,0.0006707925349473953,crabbymetrics,20,0.8.2,1960706048,10000,13156352,217326592,3.12.9,ok,,15.0,2026-08-26T01:09:40.520897+00:00,0.06683504022657871
0.017255708575248718,0.0,MEstimator,0.005188001319766045,crabbymetrics,20,0.8.2,1960706048,100000,80232448,361326592,3.12.9,ok,,15.0,2026-08-26T01:09:40.587857+00:00,0.13238970935344696
0.17014925181865692,0.0,MEstimator,0.06416141614317894,crabbymetrics,20,0.8.2,1960706048,1000000,404144128,1801326592,3.12.9,ok,,15.0,2026-08-26T01:09:40.720387+00:00,0.2659482080489397
,,MEstimator,,crabbymetrics,20,,1960706048,10000000,0,16201326592,,preflight_oom,,15.0,2026-08-26T01:09:40.986477+00:00,
0.0024590007960796356,0.0,MEstimator,0.00037458352744579315,crabbymetrics,50,0.8.2,1960706048,1000,13500416,205326592,3.12.9,ok,,15.0,2026-08-26T01:09:40.986497+00:00,0.0674690417945385
0.005026709288358688,0.0,MEstimator,0.0008441228419542313,crabbymetrics,50,0.8.2,1960706048,10000,10993664,241326592,3.12.9,ok,,15.0,2026-08-26T01:09:41.054085+00:00,0.13084233179688454
0.04118662513792515,0.0,MEstimator,0.014138499274849892,crabbymetrics,50,0.8.2,1960706048,100000,74760192,601326592,3.12.9,ok,,15.0,2026-08-26T01:09:41.185057+00:00,0.13320737518370152
,,MEstimator,,crabbymetrics,50,,1960706048,1000000,0,4201326592,,preflight_oom,,15.0,2026-08-26T01:09:41.318402+00:00,
,,MEstimator,,crabbymetrics,50,,,10000000,,,,pruned_after_failure,,,,
0.0028417911380529404,0.0,MEstimator,0.0004815831780433655,crabbymetrics,100,0.8.2,1960706048,1000,10977280,209326592,3.12.9,ok,,15.0,2026-08-26T01:09:41.318421+00:00,0.0665708351880312
0.007701663300395012,0.0,MEstimator,0.001124044880270958,crabbymetrics,100,0.8.2,1960706048,10000,11288576,281326592,3.12.9,ok,,15.0,2026-08-26T01:09:41.385104+00:00,0.13098812475800514
0.07886320725083351,0.0,MEstimator,0.027673039585351944,crabbymetrics,100,0.8.2,1960706048,100000,208158720,1001326592,3.12.9,ok,,15.0,2026-08-26T01:09:41.516220+00:00,0.1977611668407917
,,MEstimator,,crabbymetrics,100,,1960706048,1000000,0,8201326592,,preflight_oom,,15.0,2026-08-26T01:09:41.714132+00:00,
,,MEstimator,,crabbymetrics,100,,,10000000,,,,pruned_after_failure,,,,
0.0021510832011699677,0.0,GMM,0.00021554157137870789,crabbymetrics,5,0.8.2,1960706048,1000,10846208,201886592,3.12.9,ok,,15.0,2026-08-26T01:09:41.714159+00:00,0.0670043732970953
0.003214959055185318,0.0,GMM,0.0010013319551944733,crabbymetrics,5,0.8.2,1960706048,10000,13058048,206926592,3.12.9,ok,,15.0,2026-08-26T01:09:41.781283+00:00,0.06674229353666306
0.013836957514286041,0.0,GMM,0.008434291929006577,crabbymetrics,5,0.8.2,1960706048,100000,75202560,257326592,3.12.9,ok,,15.0,2026-08-26T01:09:41.848141+00:00,0.13131025061011314
0.12046033143997192,0.0,GMM,0.0848661232739687,crabbymetrics,5,0.8.2,1960706048,1000000,314408960,761326592,3.12.9,ok,,15.0,2026-08-26T01:09:41.979581+00:00,0.19774671085178852
,,GMM,,crabbymetrics,5,,1960706048,10000000,0,5801326592,,preflight_oom,,15.0,2026-08-26T01:09:42.177488+00:00,
0.0021618343889713287,0.0,GMM,0.00025629252195358276,crabbymetrics,10,0.8.2,1960706048,1000,10420224,202446592,3.12.9,ok,,15.0,2026-08-26T01:09:42.177509+00:00,0.0662604570388794
0.0036011673510074615,0.0,GMM,0.0011894162744283676,crabbymetrics,10,0.8.2,1960706048,10000,13287424,212526592,3.12.9,ok,,15.0,2026-08-26T01:09:42.243874+00:00,0.06660654209554195
0.017627958208322525,0.0,GMM,0.010004919022321701,crabbymetrics,10,0.8.2,1960706048,100000,99303424,313326592,3.12.9,ok,,15.0,2026-08-26T01:09:42.310603+00:00,0.13260708190500736
0.1650545820593834,0.0,GMM,0.10568229109048843,crabbymetrics,10,0.8.2,1960706048,1000000,595935232,1321326592,3.12.9,ok,,15.0,2026-08-26T01:09:42.443348+00:00,0.2623603343963623
,,GMM,,crabbymetrics,10,,1960706048,10000000,0,11401326592,,preflight_oom,,15.0,2026-08-26T01:09:42.705849+00:00,
0.0023278743028640747,0.0,GMM,0.00036129169166088104,crabbymetrics,20,0.8.2,1960706048,1000,12156928,203566592,3.12.9,ok,,15.0,2026-08-26T01:09:42.705869+00:00,0.06707416474819183
0.0046632494777441025,0.0,GMM,0.0018297471106052399,crabbymetrics,20,0.8.2,1960706048,10000,10567680,223726592,3.12.9,ok,,15.0,2026-08-26T01:09:42.773045+00:00,0.06590987555682659
0.03060583397746086,0.0,GMM,0.01837753877043724,crabbymetrics,20,0.8.2,1960706048,100000,130056192,425326592,3.12.9,ok,,15.0,2026-08-26T01:09:42.839080+00:00,0.13240183144807816
,,GMM,,crabbymetrics,20,,1960706048,1000000,0,2441326592,,preflight_oom,,15.0,2026-08-26T01:09:42.971603+00:00,
,,GMM,,crabbymetrics,20,,,10000000,,,,pruned_after_failure,,,,
0.0030641239136457443,0.0,GMM,0.0009430013597011566,crabbymetrics,50,0.8.2,1960706048,1000,10092544,206926592,3.12.9,ok,,15.0,2026-08-26T01:09:42.971623+00:00,0.06680558435618877
0.0080973319709301,0.0,GMM,0.00388166680932045,crabbymetrics,50,0.8.2,1960706048,10000,12222464,257326592,3.12.9,ok,,15.0,2026-08-26T01:09:43.038542+00:00,0.12949870713055134
0.06764908321201801,0.0,GMM,0.04187733307480812,crabbymetrics,50,0.8.2,1960706048,100000,75644928,761326592,3.12.9,ok,,15.0,2026-08-26T01:09:43.168180+00:00,0.1929929181933403
,,GMM,,crabbymetrics,50,,1960706048,1000000,0,5801326592,,preflight_oom,,15.0,2026-08-26T01:09:43.361325+00:00,
,,GMM,,crabbymetrics,50,,,10000000,,,,pruned_after_failure,,,,
0.0055725835263729095,0.0,GMM,0.0032942071557044983,crabbymetrics,100,0.8.2,1960706048,1000,10567680,212526592,3.12.9,ok,,15.0,2026-08-26T01:09:43.361346+00:00,0.13234320655465126
0.016187332570552826,0.0,GMM,0.009607834741473198,crabbymetrics,100,0.8.2,1960706048,10000,92471296,313326592,3.12.9,ok,,15.0,2026-08-26T01:09:43.493820+00:00,0.13391553983092308
0.1280549168586731,0.0,GMM,0.07896820642054081,crabbymetrics,100,0.8.2,1960706048,100000,450101248,1321326592,3.12.9,ok,,15.0,2026-08-26T01:09:43.627883+00:00,0.198682663962245
,,GMM,,crabbymetrics,100,,1960706048,1000000,0,11401326592,,preflight_oom,,15.0,2026-08-26T01:09:43.826700+00:00,
,,GMM,,crabbymetrics,100,,,10000000,,,,pruned_after_failure,,,,
0.0020100008696317673,0.0,EPLM,9.670853614807129e-05,crabbymetrics,5,0.8.2,1960706048,1000,9994240,202046592,3.12.9,ok,,15.0,2026-08-26T01:09:43.826727+00:00,0.06599154323339462
0.002510957419872284,0.0,EPLM,0.00036070868372917175,crabbymetrics,5,0.8.2,1960706048,10000,12812288,208526592,3.12.9,ok,,15.0,2026-08-26T01:09:43.892830+00:00,0.06646237336099148
0.008783876895904541,0.0,EPLM,0.003156665712594986,crabbymetrics,5,0.8.2,1960706048,100000,12222464,273326592,3.12.9,ok,,15.0,2026-08-26T01:09:43.959402+00:00,0.13198462687432766
0.07186495885252953,0.0,EPLM,0.034568460658192635,crabbymetrics,5,0.8.2,1960706048,1000000,76431360,921326592,3.12.9,ok,,15.0,2026-08-26T01:09:44.091521+00:00,0.19902879372239113
,,EPLM,,crabbymetrics,5,,1960706048,10000000,0,7401326592,,preflight_oom,,15.0,2026-08-26T01:09:44.290700+00:00,
0.002028791233897209,0.0,EPLM,0.00011633522808551788,crabbymetrics,10,0.8.2,1960706048,1000,12124160,202766592,3.12.9,ok,,15.0,2026-08-26T01:09:44.290718+00:00,0.06815612688660622
0.003130083903670311,0.0,EPLM,0.0007669609040021896,crabbymetrics,10,0.8.2,1960706048,10000,10452992,215726592,3.12.9,ok,,15.0,2026-08-26T01:09:44.358981+00:00,0.06580408290028572
0.014650585129857063,0.0,EPLM,0.006952499970793724,crabbymetrics,10,0.8.2,1960706048,100000,84885504,345326592,3.12.9,ok,,15.0,2026-08-26T01:09:44.424909+00:00,0.12565045803785324
0.13841154053807259,0.0,EPLM,0.08131991513073444,crabbymetrics,10,0.8.2,1960706048,1000000,452444160,1641326592,3.12.9,ok,,15.0,2026-08-26T01:09:44.550689+00:00,0.26197400130331516
,,EPLM,,crabbymetrics,10,,1960706048,10000000,0,14601326592,,preflight_oom,,15.0,2026-08-26T01:09:44.812791+00:00,
0.0021262504160404205,0.0,EPLM,0.00021187588572502136,crabbymetrics,20,0.8.2,1960706048,1000,10649600,204206592,3.12.9,ok,,15.0,2026-08-26T01:09:44.812811+00:00,0.06723416596651077
0.004749873653054237,0.0,EPLM,0.0019406676292419434,crabbymetrics,20,0.8.2,1960706048,10000,12222464,230126592,3.12.9,ok,,15.0,2026-08-26T01:09:44.880146+00:00,0.06652508489787579
0.030235083773732185,0.0,EPLM,0.018561501055955887,crabbymetrics,20,0.8.2,1960706048,100000,114737152,489326592,3.12.9,ok,,15.0,2026-08-26T01:09:44.946798+00:00,0.1314097922295332
,,EPLM,,crabbymetrics,20,,1960706048,1000000,0,3081326592,,preflight_oom,,15.0,2026-08-26T01:09:45.078339+00:00,
,,EPLM,,crabbymetrics,20,,,10000000,,,,pruned_after_failure,,,,
0.0027610845863819122,0.0,EPLM,0.0006968323141336441,crabbymetrics,50,0.8.2,1960706048,1000,10305536,208526592,3.12.9,ok,,15.0,2026-08-26T01:09:45.078358+00:00,0.06663687527179718
0.011751582846045494,0.0,EPLM,0.007775081321597099,crabbymetrics,50,0.8.2,1960706048,10000,60227584,273326592,3.12.9,ok,,15.0,2026-08-26T01:09:45.145118+00:00,0.1310137528926134
0.10997762531042099,0.0,EPLM,0.08576654084026814,crabbymetrics,50,0.8.2,1960706048,100000,210796544,921326592,3.12.9,ok,,15.0,2026-08-26T01:09:45.276259+00:00,0.19304350018501282
,,EPLM,,crabbymetrics,50,,1960706048,1000000,0,7401326592,,preflight_oom,,15.0,2026-08-26T01:09:45.469439+00:00,
,,EPLM,,crabbymetrics,50,,,10000000,,,,pruned_after_failure,,,,
0.004691876471042633,0.0,EPLM,0.002323126420378685,crabbymetrics,100,0.8.2,1960706048,1000,10387456,215726592,3.12.9,ok,,15.0,2026-08-26T01:09:45.469458+00:00,0.1308329999446869
0.03336137346923351,0.0,EPLM,0.027219250798225403,crabbymetrics,100,0.8.2,1960706048,10000,75579392,345326592,3.12.9,ok,,15.0,2026-08-26T01:09:45.600417+00:00,0.13270141556859016
0.34579354152083397,0.0,EPLM,0.3006510008126497,crabbymetrics,100,0.8.2,1960706048,100000,372801536,1641326592,3.12.9,ok,,15.0,2026-08-26T01:09:45.733258+00:00,0.46056975051760674
,,EPLM,,crabbymetrics,100,,1960706048,1000000,0,14601326592,,preflight_oom,,15.0,2026-08-26T01:09:46.193966+00:00,
,,EPLM,,crabbymetrics,100,,,10000000,,,,pruned_after_failure,,,,
0.00211358442902565,0.0,AverageDerivative,0.00024120695888996124,crabbymetrics,5,0.8.2,1960706048,1000,12730368,202206592,3.12.9,ok,,15.0,2026-08-26T01:09:46.193996+00:00,0.06782104447484016
0.004578288644552231,0.0,AverageDerivative,0.002359958365559578,crabbymetrics,5,0.8.2,1960706048,10000,10141696,210126592,3.12.9,ok,,15.0,2026-08-26T01:09:46.261939+00:00,0.06576775014400482
0.029328083619475365,0.0,AverageDerivative,0.023553039878606796,crabbymetrics,5,0.8.2,1960706048,100000,113360896,289326592,3.12.9,ok,,15.0,2026-08-26T01:09:46.327827+00:00,0.12942308373749256
0.3158144596964121,0.0,AverageDerivative,0.276698375120759,crabbymetrics,5,0.8.2,1960706048,1000000,836222976,1081326592,3.12.9,ok,,15.0,2026-08-26T01:09:46.457377+00:00,0.3871121685951948
,,AverageDerivative,,crabbymetrics,5,,1960706048,10000000,0,9001326592,,preflight_oom,,15.0,2026-08-26T01:09:46.844627+00:00,
0.0024587903171777725,0.0,AverageDerivative,0.0005779173225164413,crabbymetrics,10,0.8.2,1960706048,1000,12484608,203086592,3.12.9,ok,,15.0,2026-08-26T01:09:46.844644+00:00,0.06673750095069408
0.00898408517241478,0.0,AverageDerivative,0.0065772514790296555,crabbymetrics,10,0.8.2,1960706048,10000,10223616,218926592,3.12.9,ok,,15.0,2026-08-26T01:09:46.911498+00:00,0.13093575276434422
0.07448266632854939,0.0,AverageDerivative,0.066813750192523,crabbymetrics,10,0.8.2,1960706048,100000,109101056,377326592,3.12.9,ok,,15.0,2026-08-26T01:09:47.042568+00:00,0.1996367909014225
,,AverageDerivative,,crabbymetrics,10,,1960706048,1000000,0,1961326592,,preflight_oom,,15.0,2026-08-26T01:09:47.242363+00:00,
,,AverageDerivative,,crabbymetrics,10,,,10000000,,,,pruned_after_failure,,,,
0.003727877512574196,0.0,AverageDerivative,0.0017842911183834076,crabbymetrics,20,0.8.2,1960706048,1000,12582912,204846592,3.12.9,ok,,15.0,2026-08-26T01:09:47.242385+00:00,0.06828437745571136
0.02421475201845169,0.0,AverageDerivative,0.02126120775938034,crabbymetrics,20,0.8.2,1960706048,10000,65601536,236526592,3.12.9,ok,,15.0,2026-08-26T01:09:47.310809+00:00,0.1321109589189291
0.2389029562473297,0.0,AverageDerivative,0.22629225067794323,crabbymetrics,20,0.8.2,1960706048,100000,303104000,553326592,3.12.9,ok,,15.0,2026-08-26T01:09:47.443055+00:00,0.319279707968235
,,AverageDerivative,,crabbymetrics,20,,1960706048,1000000,0,3721326592,,preflight_oom,,15.0,2026-08-26T01:09:47.762471+00:00,
,,AverageDerivative,,crabbymetrics,20,,,10000000,,,,pruned_after_failure,,,,
0.011511791497468948,0.0,AverageDerivative,0.009402124211192131,crabbymetrics,50,0.8.2,1960706048,1000,49446912,210126592,3.12.9,ok,,15.0,2026-08-26T01:09:47.762491+00:00,0.1325080431997776
0.11829079128801823,0.0,AverageDerivative,0.11414783261716366,crabbymetrics,50,0.8.2,1960706048,10000,97009664,289326592,3.12.9,ok,,15.0,2026-08-26T01:09:47.895134+00:00,0.19920729286968708
1.3096191231161356,0.0,AverageDerivative,1.2848390396684408,crabbymetrics,50,0.8.2,1960706048,100000,663093248,1081326592,3.12.9,ok,,15.0,2026-08-26T01:09:48.094485+00:00,1.4305514991283417
,,AverageDerivative,,crabbymetrics,50,,1960706048,1000000,0,9001326592,,preflight_oom,,15.0,2026-08-26T01:09:49.525182+00:00,
,,AverageDerivative,,crabbymetrics,50,,,10000000,,,,pruned_after_failure,,,,
0.03752295859158039,0.0,AverageDerivative,0.035126082599163055,crabbymetrics,100,0.8.2,1960706048,1000,54034432,218926592,3.12.9,ok,,15.0,2026-08-26T01:09:49.525207+00:00,0.13221891596913338
0.4395349156111479,0.0,AverageDerivative,0.4332487490028143,crabbymetrics,100,0.8.2,1960706048,10000,165183488,377326592,3.12.9,ok,,15.0,2026-08-26T01:09:49.657554+00:00,0.5248479563742876
,,AverageDerivative,,crabbymetrics,100,,1960706048,100000,0,1961326592,,preflight_oom,,15.0,2026-08-26T01:09:50.182527+00:00,
,,AverageDerivative,,crabbymetrics,100,,,1000000,,,,pruned_after_failure,,,,
,,AverageDerivative,,crabbymetrics,100,,,10000000,,,,pruned_after_failure,,,,
0.0021830014884471893,0.0,PartiallyLinearDML,0.0002509579062461853,crabbymetrics,5,0.8.2,1960706048,1000,12156928,202286592,3.12.9,ok,,15.0,2026-08-26T01:09:50.182564+00:00,0.06680741533637047
0.0037846658378839493,0.0,PartiallyLinearDML,0.0015798769891262054,crabbymetrics,5,0.8.2,1960706048,10000,12156928,210926592,3.12.9,ok,,15.0,2026-08-26T01:09:50.249484+00:00,0.06662249937653542
0.020785124972462654,0.0,PartiallyLinearDML,0.015099873766303062,crabbymetrics,5,0.8.2,1960706048,100000,73793536,297326592,3.12.9,ok,,15.0,2026-08-26T01:09:50.316222+00:00,0.13172091729938984
0.2027185820043087,0.0,PartiallyLinearDML,0.16428549960255623,crabbymetrics,5,0.8.2,1960706048,1000000,346488832,1161326592,3.12.9,ok,,15.0,2026-08-26T01:09:50.448087+00:00,0.3266395404934883
,,PartiallyLinearDML,,crabbymetrics,5,,1960706048,10000000,0,9801326592,,preflight_oom,,15.0,2026-08-26T01:09:50.774871+00:00,
0.002240622416138649,0.0,PartiallyLinearDML,0.0003489609807729721,crabbymetrics,10,0.8.2,1960706048,1000,13025280,203246592,3.12.9,ok,,15.0,2026-08-26T01:09:50.774892+00:00,0.06811533309519291
0.0060106683522462845,0.0,PartiallyLinearDML,0.0036064162850379944,crabbymetrics,10,0.8.2,1960706048,10000,10665984,220526592,3.12.9,ok,,15.0,2026-08-26T01:09:50.843127+00:00,0.13055025041103363
0.04310599900782108,0.0,PartiallyLinearDML,0.03546150028705597,crabbymetrics,10,0.8.2,1960706048,100000,90767360,393326592,3.12.9,ok,,15.0,2026-08-26T01:09:50.973803+00:00,0.1323305405676365
,,PartiallyLinearDML,,crabbymetrics,10,,1960706048,1000000,0,2121326592,,preflight_oom,,15.0,2026-08-26T01:09:51.106278+00:00,
,,PartiallyLinearDML,,crabbymetrics,10,,,10000000,,,,pruned_after_failure,,,,
0.002708708867430687,0.0,PartiallyLinearDML,0.0007592886686325073,crabbymetrics,20,0.8.2,1960706048,1000,10207232,205166592,3.12.9,ok,,15.0,2026-08-26T01:09:51.106297+00:00,0.06623958423733711
0.015020959079265594,0.0,PartiallyLinearDML,0.01223033294081688,crabbymetrics,20,0.8.2,1960706048,10000,51838976,239726592,3.12.9,ok,,15.0,2026-08-26T01:09:51.172650+00:00,0.13082054257392883
0.13587016239762306,0.0,PartiallyLinearDML,0.12418841570615768,crabbymetrics,20,0.8.2,1960706048,100000,127680512,585326592,3.12.9,ok,,15.0,2026-08-26T01:09:51.303609+00:00,0.2621764577925205
,,PartiallyLinearDML,,crabbymetrics,20,,1960706048,1000000,0,4041326592,,preflight_oom,,15.0,2026-08-26T01:09:51.565933+00:00,
,,PartiallyLinearDML,,crabbymetrics,20,,,10000000,,,,pruned_after_failure,,,,
0.005471041426062584,0.0,PartiallyLinearDML,0.0034022480249404907,crabbymetrics,50,0.8.2,1960706048,1000,10436608,210926592,3.12.9,ok,,15.0,2026-08-26T01:09:51.565955+00:00,0.13211725279688835
0.06778162531554699,0.0,PartiallyLinearDML,0.06363850086927414,crabbymetrics,50,0.8.2,1960706048,10000,62226432,297326592,3.12.9,ok,,15.0,2026-08-26T01:09:51.698207+00:00,0.13209825195372105
0.6816205848008394,0.0,PartiallyLinearDML,0.6575970407575369,crabbymetrics,50,0.8.2,1960706048,100000,235864064,1161326592,3.12.9,ok,,15.0,2026-08-26T01:09:51.830450+00:00,0.7789938766509295
,,PartiallyLinearDML,,crabbymetrics,50,,1960706048,1000000,0,9801326592,,preflight_oom,,15.0,2026-08-26T01:09:52.609577+00:00,
,,PartiallyLinearDML,,crabbymetrics,50,,,10000000,,,,pruned_after_failure,,,,
0.015323456376791,0.0,PartiallyLinearDML,0.01302904263138771,crabbymetrics,100,0.8.2,1960706048,1000,47726592,220526592,3.12.9,ok,,15.0,2026-08-26T01:09:52.609596+00:00,0.13274754211306572
0.22988395765423775,0.0,PartiallyLinearDML,0.22372133284807205,crabbymetrics,100,0.8.2,1960706048,10000,80412672,393326592,3.12.9,ok,,15.0,2026-08-26T01:09:52.742461+00:00,0.32674499973654747
,,PartiallyLinearDML,,crabbymetrics,100,,1960706048,100000,0,2121326592,,preflight_oom,,15.0,2026-08-26T01:09:53.069347+00:00,
,,PartiallyLinearDML,,crabbymetrics,100,,,1000000,,,,pruned_after_failure,,,,
,,PartiallyLinearDML,,crabbymetrics,100,,,10000000,,,,pruned_after_failure,,,,
3.459362206980586,0.7690521616044598,PartiallyLinearDML,0.037592457607388496,doubleml-plr,5,0.11.4,1960706048,1000,257998848,202286592,3.12.9,ok,,15.0,2026-08-26T01:09:53.069369+00:00,3.6575742103159428
1.0908820424228907,0.8013770404607716,PartiallyLinearDML,0.0031122080981731415,doubleml-plr,5,0.11.4,1960706048,10000,257851392,210926592,3.12.9,ok,,15.0,2026-08-26T01:09:56.727086+00:00,1.304707957431674
1.1033863313496113,0.7991916032100685,PartiallyLinearDML,0.011890126392245293,doubleml-plr,5,0.11.4,1960706048,100000,296501248,297326592,3.12.9,ok,,15.0,2026-08-26T01:09:58.031940+00:00,1.2825075425207615
1.3283359166234732,0.7989311561595924,PartiallyLinearDML,0.12220120802521706,doubleml-plr,5,0.11.4,1960706048,1000000,712196096,1161326592,3.12.9,ok,,15.0,2026-08-26T01:09:59.314599+00:00,1.6029550433158875
,,PartiallyLinearDML,,doubleml-plr,5,,1960706048,10000000,0,9801326592,,preflight_oom,,15.0,2026-08-26T01:10:00.917692+00:00,
1.1265780441462994,0.7692898849023403,PartiallyLinearDML,0.0022512096911668777,doubleml-plr,10,0.11.4,1960706048,1000,257916928,203246592,3.12.9,ok,,15.0,2026-08-26T01:10:00.917715+00:00,1.3557020407170057
1.105055958032608,0.8057315875247839,PartiallyLinearDML,0.0031809192150831223,doubleml-plr,10,0.11.4,1960706048,10000,259260416,220526592,3.12.9,ok,,15.0,2026-08-26T01:10:02.273563+00:00,1.3022242914885283
1.1260249186307192,0.794566676558721,PartiallyLinearDML,0.012208748608827591,doubleml-plr,10,0.11.4,1960706048,100000,316981248,393326592,3.12.9,ok,,15.0,2026-08-26T01:10:03.575937+00:00,1.326886000111699
,,PartiallyLinearDML,,doubleml-plr,10,,1960706048,1000000,0,2121326592,,preflight_oom,,15.0,2026-08-26T01:10:04.902955+00:00,
,,PartiallyLinearDML,,doubleml-plr,10,,,10000000,,,,pruned_after_failure,,,,
1.1027895417064428,0.7654056434594196,PartiallyLinearDML,0.0023706648498773575,doubleml-plr,20,0.11.4,1960706048,1000,258080768,205166592,3.12.9,ok,,15.0,2026-08-26T01:10:04.902978+00:00,1.2746447082608938
1.087128084152937,0.8051848814236164,PartiallyLinearDML,0.0035863760858774185,doubleml-plr,20,0.11.4,1960706048,10000,262766592,239726592,3.12.9,ok,,15.0,2026-08-26T01:10:06.177749+00:00,1.2964248340576887
1.17497574724257,0.7939138752570264,PartiallyLinearDML,0.016784792765975,doubleml-plr,20,0.11.4,1960706048,100000,353255424,585326592,3.12.9,ok,,15.0,2026-08-26T01:10:07.474310+00:00,1.358832210302353
,,PartiallyLinearDML,,doubleml-plr,20,,1960706048,1000000,0,4041326592,,preflight_oom,,15.0,2026-08-26T01:10:08.832984+00:00,
,,PartiallyLinearDML,,doubleml-plr,20,,,10000000,,,,pruned_after_failure,,,,
1.092549916356802,0.857316447700204,PartiallyLinearDML,0.0025354158133268356,doubleml-plr,50,0.11.4,1960706048,1000,258080768,210926592,3.12.9,ok,,15.0,2026-08-26T01:10:08.833006+00:00,1.2850842084735632
1.0957258306443691,0.8208346160894188,PartiallyLinearDML,0.005148084834218025,doubleml-plr,50,0.11.4,1960706048,10000,274743296,297326592,3.12.9,ok,,15.0,2026-08-26T01:10:10.117553+00:00,1.291208416223526
1.1654462069272995,0.79827383446598,PartiallyLinearDML,0.04219654202461243,doubleml-plr,50,0.11.4,1960706048,100000,460898304,1161326592,3.12.9,ok,,15.0,2026-08-26T01:10:11.408289+00:00,1.3530557919293642
,,PartiallyLinearDML,,doubleml-plr,50,,1960706048,1000000,0,9801326592,,preflight_oom,,15.0,2026-08-26T01:10:12.760887+00:00,
,,PartiallyLinearDML,,doubleml-plr,50,,,10000000,,,,pruned_after_failure,,,,
1.0958450846374035,0.8527824684746589,PartiallyLinearDML,0.002831375226378441,doubleml-plr,100,0.11.4,1960706048,1000,258080768,220526592,3.12.9,ok,,15.0,2026-08-26T01:10:12.760910+00:00,1.2986976653337479
1.1101229563355446,0.798302209740616,PartiallyLinearDML,0.008385876193642616,doubleml-plr,100,0.11.4,1960706048,10000,294322176,393326592,3.12.9,ok,,15.0,2026-08-26T01:10:14.059221+00:00,1.294602083042264
,,PartiallyLinearDML,,doubleml-plr,100,,1960706048,100000,0,2121326592,,preflight_oom,,15.0,2026-08-26T01:10:15.353500+00:00,
,,PartiallyLinearDML,,doubleml-plr,100,,,1000000,,,,pruned_after_failure,,,,
,,PartiallyLinearDML,,doubleml-plr,100,,,10000000,,,,pruned_after_failure,,,,
0.3419525846838951,0.0,AIPW,0.00033012405037879944,crabbymetrics,5,0.8.2,1960706048,1000,45334528,202286592,3.12.9,ok,,15.0,2026-08-26T01:10:15.353527+00:00,0.4549048338085413
0.006332375109195709,0.0,AIPW,0.0017962083220481873,crabbymetrics,5,0.8.2,1960706048,10000,10518528,210926592,3.12.9,ok,,15.0,2026-08-26T01:10:15.808405+00:00,0.1314904596656561
0.02676375024020672,0.0,AIPW,0.017923083156347275,crabbymetrics,5,0.8.2,1960706048,100000,76447744,297326592,3.12.9,ok,,15.0,2026-08-26T01:10:15.940001+00:00,0.13262270763516426
0.24467466585338116,0.0,AIPW,0.19552354328334332,crabbymetrics,5,0.8.2,1960706048,1000000,428867584,1161326592,3.12.9,ok,,15.0,2026-08-26T01:10:16.072719+00:00,0.3273104168474674
,,AIPW,,crabbymetrics,5,,1960706048,10000000,0,9801326592,,preflight_oom,,15.0,2026-08-26T01:10:16.400049+00:00,
0.004637708887457848,0.0,AIPW,0.0003960002213716507,crabbymetrics,10,0.8.2,1960706048,1000,11894784,203246592,3.12.9,ok,,15.0,2026-08-26T01:10:16.400068+00:00,0.06679962389171124
0.008816750720143318,0.0,AIPW,0.003899248316884041,crabbymetrics,10,0.8.2,1960706048,10000,12124160,220526592,3.12.9,ok,,15.0,2026-08-26T01:10:16.466960+00:00,0.1289896685630083
0.05058637447655201,0.0,AIPW,0.03964575007557869,crabbymetrics,10,0.8.2,1960706048,100000,69910528,393326592,3.12.9,ok,,15.0,2026-08-26T01:10:16.596049+00:00,0.13202612288296223
,,AIPW,,crabbymetrics,10,,1960706048,1000000,0,2121326592,,preflight_oom,,15.0,2026-08-26T01:10:16.728177+00:00,
,,AIPW,,crabbymetrics,10,,,10000000,,,,pruned_after_failure,,,,
0.0050678737461566925,0.0,AIPW,0.0008219163864850998,crabbymetrics,20,0.8.2,1960706048,1000,12140544,205166592,3.12.9,ok,,15.0,2026-08-26T01:10:16.728196+00:00,0.13019983284175396
0.017845500260591507,0.0,AIPW,0.012648500502109528,crabbymetrics,20,0.8.2,1960706048,10000,54296576,239726592,3.12.9,ok,,15.0,2026-08-26T01:10:16.858483+00:00,0.13311146013438702
0.14425541646778584,0.0,AIPW,0.12928558140993118,crabbymetrics,20,0.8.2,1960706048,100000,156090368,585326592,3.12.9,ok,,15.0,2026-08-26T01:10:16.991687+00:00,0.26174829341471195
,,AIPW,,crabbymetrics,20,,1960706048,1000000,0,4041326592,,preflight_oom,,15.0,2026-08-26T01:10:17.253487+00:00,
,,AIPW,,crabbymetrics,20,,,10000000,,,,pruned_after_failure,,,,
0.00788462720811367,0.0,AIPW,0.0035570841282606125,crabbymetrics,50,0.8.2,1960706048,1000,12140544,210926592,3.12.9,ok,,15.0,2026-08-26T01:10:17.253510+00:00,0.13301970809698105
0.07055112347006798,0.0,AIPW,0.06402695924043655,crabbymetrics,50,0.8.2,1960706048,10000,62668800,297326592,3.12.9,ok,,15.0,2026-08-26T01:10:17.386619+00:00,0.19655941613018513
0.6904076263308525,0.0,AIPW,0.6631124150007963,crabbymetrics,50,0.8.2,1960706048,100000,291078144,1161326592,3.12.9,ok,,15.0,2026-08-26T01:10:17.583261+00:00,0.7724204566329718
,,AIPW,,crabbymetrics,50,,1960706048,1000000,0,9801326592,,preflight_oom,,15.0,2026-08-26T01:10:18.355596+00:00,
,,AIPW,,crabbymetrics,50,,,10000000,,,,pruned_after_failure,,,,
0.01863575354218483,0.0,AIPW,0.014033457264304161,crabbymetrics,100,0.8.2,1960706048,1000,49152000,220526592,3.12.9,ok,,15.0,2026-08-26T01:10:18.355617+00:00,0.13152937591075897
0.23607916571199894,0.0,AIPW,0.22650191560387611,crabbymetrics,100,0.8.2,1960706048,10000,92618752,393326592,3.12.9,ok,,15.0,2026-08-26T01:10:18.487263+00:00,0.32602308318018913
,,AIPW,,crabbymetrics,100,,1960706048,100000,0,2121326592,,preflight_oom,,15.0,2026-08-26T01:10:18.813342+00:00,
,,AIPW,,crabbymetrics,100,,,1000000,,,,pruned_after_failure,,,,
,,AIPW,,crabbymetrics,100,,,10000000,,,,pruned_after_failure,,,,
1.1918626241385937,0.742394180981141,AIPW,0.10422308370471,doubleml-irm,5,0.11.4,1960706048,1000,258981888,202286592,3.12.9,ok,,15.0,2026-08-26T01:10:18.813363+00:00,1.3657272085547447
1.100138956680894,0.8017576299580528,AIPW,0.009676292538642883,doubleml-irm,5,0.11.4,1960706048,10000,259276800,210926592,3.12.9,ok,,15.0,2026-08-26T01:10:20.178840+00:00,1.2933372911065817
1.1586629170924425,0.7973314993755567,AIPW,0.060828372836112976,doubleml-irm,5,0.11.4,1960706048,100000,304824320,297326592,3.12.9,ok,,15.0,2026-08-26T01:10:21.471991+00:00,1.3591253329068422
1.88470871001482,0.7980206901803402,AIPW,0.6437388751655817,doubleml-irm,5,0.11.4,1960706048,1000000,813154304,1161326592,3.12.9,ok,,15.0,2026-08-26T01:10:22.830959+00:00,2.1231069583445787
,,AIPW,,doubleml-irm,5,,1960706048,10000000,0,9801326592,,preflight_oom,,15.0,2026-08-26T01:10:24.953790+00:00,
1.095175877213478,0.6941452055810748,AIPW,0.005037873983383179,doubleml-irm,10,0.11.4,1960706048,1000,258850816,203246592,3.12.9,ok,,15.0,2026-08-26T01:10:24.953817+00:00,1.2956540398299694
1.0932624600827694,0.8089892643579205,AIPW,0.010018540546298027,doubleml-irm,10,0.11.4,1960706048,10000,260685824,220526592,3.12.9,ok,,15.0,2026-08-26T01:10:26.249373+00:00,1.2876903340220451
1.168756915256381,0.7997105359189115,AIPW,0.06057158298790455,doubleml-irm,10,0.11.4,1960706048,100000,324567040,393326592,3.12.9,ok,,15.0,2026-08-26T01:10:27.536990+00:00,1.3621816243976355
,,AIPW,,doubleml-irm,10,,1960706048,1000000,0,2121326592,,preflight_oom,,15.0,2026-08-26T01:10:28.899103+00:00,
,,AIPW,,doubleml-irm,10,,,10000000,,,,pruned_after_failure,,,,
1.0878244582563639,0.7355689746234741,AIPW,0.005296250805258751,doubleml-irm,20,0.11.4,1960706048,1000,258883584,205166592,3.12.9,ok,,15.0,2026-08-26T01:10:28.899126+00:00,1.3000464159995317
1.090011291205883,0.8073229500235748,AIPW,0.010279376059770584,doubleml-irm,20,0.11.4,1960706048,10000,264011776,239726592,3.12.9,ok,,15.0,2026-08-26T01:10:30.199126+00:00,1.2870921678841114
1.1915262509137392,0.7931659059316211,AIPW,0.0660023745149374,doubleml-irm,20,0.11.4,1960706048,100000,364478464,585326592,3.12.9,ok,,15.0,2026-08-26T01:10:31.486205+00:00,1.418038584291935
,,AIPW,,doubleml-irm,20,,1960706048,1000000,0,4041326592,,preflight_oom,,15.0,2026-08-26T01:10:32.904220+00:00,
,,AIPW,,doubleml-irm,20,,,10000000,,,,pruned_after_failure,,,,
1.0904874168336391,0.6935371394605591,AIPW,0.00531812384724617,doubleml-irm,50,0.11.4,1960706048,1000,258899968,210926592,3.12.9,ok,,15.0,2026-08-26T01:10:32.904243+00:00,1.299050623551011
1.0937607493251562,0.817854868877371,AIPW,0.011830000206828117,doubleml-irm,50,0.11.4,1960706048,10000,276267008,297326592,3.12.9,ok,,15.0,2026-08-26T01:10:34.203299+00:00,1.2905940432101488
1.2274912893772125,0.7972686750682414,AIPW,0.09506483189761639,doubleml-irm,50,0.11.4,1960706048,100000,472711168,1161326592,3.12.9,ok,,15.0,2026-08-26T01:10:35.493913+00:00,1.4262273330241442
,,AIPW,,doubleml-irm,50,,1960706048,1000000,0,9801326592,,preflight_oom,,15.0,2026-08-26T01:10:36.920154+00:00,
,,AIPW,,doubleml-irm,50,,,10000000,,,,pruned_after_failure,,,,
1.4598817490041256,0.7258109695456901,AIPW,0.3845354598015547,doubleml-irm,100,0.11.4,1960706048,1000,259145728,220526592,3.12.9,ok,,15.0,2026-08-26T01:10:36.920176+00:00,1.671050876379013
1.102959793061018,0.7926440409586882,AIPW,0.014791207388043404,doubleml-irm,100,0.11.4,1960706048,10000,294502400,393326592,3.12.9,ok,,15.0,2026-08-26T01:10:38.591228+00:00,1.2898119166493416
,,AIPW,,doubleml-irm,100,,1960706048,100000,0,2121326592,,preflight_oom,,15.0,2026-08-26T01:10:39.881092+00:00,
,,AIPW,,doubleml-irm,100,,,1000000,,,,pruned_after_failure,,,,
,,AIPW,,doubleml-irm,100,,,10000000,,,,pruned_after_failure,,,,
0.0021232906728982925,0.0,DynamicCovariateBalance,0.00020966865122318268,crabbymetrics,5,0.8.2,1960706048,1000,12124160,202046592,3.12.9,ok,,15.0,2026-08-26T01:10:39.881122+00:00,0.06463266909122467
0.0029003340750932693,0.0,DynamicCovariateBalance,0.0007116664201021194,crabbymetrics,5,0.8.2,1960706048,10000,12156928,208526592,3.12.9,ok,,15.0,2026-08-26T01:10:39.945866+00:00,0.06621674634516239
0.012031208723783493,0.0,DynamicCovariateBalance,0.006063252687454224,crabbymetrics,5,0.8.2,1960706048,100000,64176128,273326592,3.12.9,ok,,15.0,2026-08-26T01:10:40.012187+00:00,0.13043220899999142
0.1111866645514965,0.0,DynamicCovariateBalance,0.06953474879264832,crabbymetrics,5,0.8.2,1960706048,1000000,229130240,921326592,3.12.9,ok,,15.0,2026-08-26T01:10:40.142742+00:00,0.19698654301464558
,,DynamicCovariateBalance,,crabbymetrics,5,,1960706048,10000000,0,7401326592,,preflight_oom,,15.0,2026-08-26T01:10:40.339857+00:00,
0.002142207697033882,0.0,DynamicCovariateBalance,0.000255044549703598,crabbymetrics,10,0.8.2,1960706048,1000,10010624,202766592,3.12.9,ok,,15.0,2026-08-26T01:10:40.339876+00:00,0.0660672914236784
0.0036893747746944427,0.0,DynamicCovariateBalance,0.0012684985995292664,crabbymetrics,10,0.8.2,1960706048,10000,9961472,215726592,3.12.9,ok,,15.0,2026-08-26T01:10:40.406068+00:00,0.065696457400918
0.02070121094584465,0.0,DynamicCovariateBalance,0.012641873210668564,crabbymetrics,10,0.8.2,1960706048,100000,79790080,345326592,3.12.9,ok,,15.0,2026-08-26T01:10:40.471888+00:00,0.13043341785669327
0.21858429163694382,0.0,DynamicCovariateBalance,0.15621495805680752,crabbymetrics,10,0.8.2,1960706048,1000000,415580160,1641326592,3.12.9,ok,,15.0,2026-08-26T01:10:40.602456+00:00,0.32405824959278107
,,DynamicCovariateBalance,,crabbymetrics,10,,1960706048,10000000,0,14601326592,,preflight_oom,,15.0,2026-08-26T01:10:40.926636+00:00,
0.003590792417526245,0.0,DynamicCovariateBalance,0.0016572922468185425,crabbymetrics,20,0.8.2,1960706048,1000,10010624,204206592,3.12.9,ok,,15.0,2026-08-26T01:10:40.926661+00:00,0.06655929237604141
0.005521956831216812,0.0,DynamicCovariateBalance,0.0026804152876138687,crabbymetrics,20,0.8.2,1960706048,10000,12075008,230126592,3.12.9,ok,,15.0,2026-08-26T01:10:40.993334+00:00,0.13075387477874756
0.04342183284461498,0.0,DynamicCovariateBalance,0.031244084239006042,crabbymetrics,20,0.8.2,1960706048,100000,90062848,489326592,3.12.9,ok,,15.0,2026-08-26T01:10:41.124217+00:00,0.13341562449932098
,,DynamicCovariateBalance,,crabbymetrics,20,,1960706048,1000000,0,3081326592,,preflight_oom,,15.0,2026-08-26T01:10:41.257772+00:00,
,,DynamicCovariateBalance,,crabbymetrics,20,,,10000000,,,,pruned_after_failure,,,,
0.010626666247844696,0.0,DynamicCovariateBalance,0.008582668378949165,crabbymetrics,50,0.8.2,1960706048,1000,12222464,208526592,3.12.9,ok,,15.0,2026-08-26T01:10:41.257794+00:00,0.1320518348366022
0.014291834086179733,0.0,DynamicCovariateBalance,0.010227041319012642,crabbymetrics,50,0.8.2,1960706048,10000,57950208,273326592,3.12.9,ok,,15.0,2026-08-26T01:10:41.389970+00:00,0.12734554149210453
0.14918283186852932,0.0,DynamicCovariateBalance,0.12421783246099949,crabbymetrics,50,0.8.2,1960706048,100000,200884224,921326592,3.12.9,ok,,15.0,2026-08-26T01:10:41.517461+00:00,0.25618383288383484
,,DynamicCovariateBalance,,crabbymetrics,50,,1960706048,1000000,0,7401326592,,preflight_oom,,15.0,2026-08-26T01:10:41.773776+00:00,
,,DynamicCovariateBalance,,crabbymetrics,50,,,10000000,,,,pruned_after_failure,,,,
0.0676267072558403,0.0,DynamicCovariateBalance,0.06532145664095879,crabbymetrics,100,0.8.2,1960706048,1000,46579712,215726592,3.12.9,ok,,15.0,2026-08-26T01:10:41.773796+00:00,0.13154946081340313
0.0778585821390152,0.0,DynamicCovariateBalance,0.07172849960625172,crabbymetrics,100,0.8.2,1960706048,10000,72531968,345326592,3.12.9,ok,,15.0,2026-08-26T01:10:41.905458+00:00,0.1957067083567381
0.422027375549078,0.0,DynamicCovariateBalance,0.3785486277192831,crabbymetrics,100,0.8.2,1960706048,100000,356368384,1641326592,3.12.9,ok,,15.0,2026-08-26T01:10:42.101283+00:00,0.5091277491301298
,,DynamicCovariateBalance,,crabbymetrics,100,,1960706048,1000000,0,14601326592,,preflight_oom,,15.0,2026-08-26T01:10:42.610521+00:00,
,,DynamicCovariateBalance,,crabbymetrics,100,,,10000000,,,,pruned_after_failure,,,,
0.0022101663053035736,0.0,ParallelTrendsSNMM,0.0003022924065589905,crabbymetrics,5,0.8.2,1960706048,1000,12140544,202206592,3.12.9,ok,,15.0,2026-08-26T01:10:42.610552+00:00,0.06683391891419888
0.004198916256427765,0.0,ParallelTrendsSNMM,0.0019725002348423004,crabbymetrics,5,0.8.2,1960706048,10000,9322496,210126592,3.12.9,ok,,15.0,2026-08-26T01:10:42.677504+00:00,0.06575233489274979
0.025087377056479454,0.0,ParallelTrendsSNMM,0.018997542560100555,crabbymetrics,5,0.8.2,1960706048,100000,69189632,289326592,3.12.9,ok,,15.0,2026-08-26T01:10:42.743374+00:00,0.13131199963390827
0.24314216896891594,0.0,ParallelTrendsSNMM,0.20237529277801514,crabbymetrics,5,0.8.2,1960706048,1000000,295337984,1081326592,3.12.9,ok,,15.0,2026-08-26T01:10:42.874809+00:00,0.3267657496035099
,,ParallelTrendsSNMM,,crabbymetrics,5,,1960706048,10000000,0,9001326592,,preflight_oom,,15.0,2026-08-26T01:10:43.201693+00:00,
0.0023692063987255096,0.0,ParallelTrendsSNMM,0.0004648342728614807,crabbymetrics,10,0.8.2,1960706048,1000,10010624,203086592,3.12.9,ok,,15.0,2026-08-26T01:10:43.201713+00:00,0.06606929004192352
0.005686834454536438,0.0,ParallelTrendsSNMM,0.0032797921448946,crabbymetrics,10,0.8.2,1960706048,10000,12140544,218926592,3.12.9,ok,,15.0,2026-08-26T01:10:43.267891+00:00,0.06634674966335297
0.04818020761013031,0.0,ParallelTrendsSNMM,0.04010520875453949,crabbymetrics,10,0.8.2,1960706048,100000,71958528,377326592,3.12.9,ok,,15.0,2026-08-26T01:10:43.334350+00:00,0.13059766590595245
,,ParallelTrendsSNMM,,crabbymetrics,10,,1960706048,1000000,0,1961326592,,preflight_oom,,15.0,2026-08-26T01:10:43.465081+00:00,
,,ParallelTrendsSNMM,,crabbymetrics,10,,,10000000,,,,pruned_after_failure,,,,
0.002878459170460701,0.0,ParallelTrendsSNMM,0.0009453762322664261,crabbymetrics,20,0.8.2,1960706048,1000,12156928,204846592,3.12.9,ok,,15.0,2026-08-26T01:10:43.465100+00:00,0.06673279218375683
0.01428583450615406,0.0,ParallelTrendsSNMM,0.010809458792209625,crabbymetrics,20,0.8.2,1960706048,10000,49528832,236526592,3.12.9,ok,,15.0,2026-08-26T01:10:43.531946+00:00,0.13017458468675613
0.1423654556274414,0.0,ParallelTrendsSNMM,0.13012495823204517,crabbymetrics,20,0.8.2,1960706048,100000,104841216,553326592,3.12.9,ok,,15.0,2026-08-26T01:10:43.662243+00:00,0.2642195001244545
,,ParallelTrendsSNMM,,crabbymetrics,20,,1960706048,1000000,0,3721326592,,preflight_oom,,15.0,2026-08-26T01:10:43.926588+00:00,
,,ParallelTrendsSNMM,,crabbymetrics,20,,,10000000,,,,pruned_after_failure,,,,
0.006204623728990555,0.0,ParallelTrendsSNMM,0.004135292023420334,crabbymetrics,50,0.8.2,1960706048,1000,12107776,210126592,3.12.9,ok,,15.0,2026-08-26T01:10:43.926612+00:00,0.1324992086738348
0.06430058367550373,0.0,ParallelTrendsSNMM,0.06017620861530304,crabbymetrics,50,0.8.2,1960706048,10000,54673408,289326592,3.12.9,ok,,15.0,2026-08-26T01:10:44.059237+00:00,0.13257520645856857
0.6815124601125717,0.0,ParallelTrendsSNMM,0.6562723349779844,crabbymetrics,50,0.8.2,1960706048,100000,160366592,1081326592,3.12.9,ok,,15.0,2026-08-26T01:10:44.191933+00:00,0.7778289169073105
,,ParallelTrendsSNMM,,crabbymetrics,50,,1960706048,1000000,0,9001326592,,preflight_oom,,15.0,2026-08-26T01:10:44.969848+00:00,
,,ParallelTrendsSNMM,,crabbymetrics,50,,,10000000,,,,pruned_after_failure,,,,
0.0198198314756155,0.0,ParallelTrendsSNMM,0.017539331689476967,crabbymetrics,100,0.8.2,1960706048,1000,45629440,218926592,3.12.9,ok,,15.0,2026-08-26T01:10:44.969870+00:00,0.1311144158244133
0.2189332526177168,0.0,ParallelTrendsSNMM,0.21283337473869324,crabbymetrics,100,0.8.2,1960706048,10000,67436544,377326592,3.12.9,ok,,15.0,2026-08-26T01:10:45.101108+00:00,0.32801916636526585
,,ParallelTrendsSNMM,,crabbymetrics,100,,1960706048,100000,0,1961326592,,preflight_oom,,15.0,2026-08-26T01:10:45.429256+00:00,
,,ParallelTrendsSNMM,,crabbymetrics,100,,,1000000,,,,pruned_after_failure,,,,
,,ParallelTrendsSNMM,,crabbymetrics,100,,,10000000,,,,pruned_after_failure,,,,
0.0022682100534439087,0.0,RegressionBlip,0.0004066266119480133,crabbymetrics,5,0.8.2,1960706048,1000,12058624,201886592,3.12.9,ok,,15.0,2026-08-26T01:10:45.429288+00:00,0.06774187460541725
0.005721999332308769,0.0,RegressionBlip,0.0034587085247039795,crabbymetrics,5,0.8.2,1960706048,10000,10092544,206926592,3.12.9,ok,,15.0,2026-08-26T01:10:45.497147+00:00,0.1300436668097973
0.03913595899939537,0.0,RegressionBlip,0.03304087370634079,crabbymetrics,5,0.8.2,1960706048,100000,86507520,257326592,3.12.9,ok,,15.0,2026-08-26T01:10:45.627313+00:00,0.13276449963450432
0.38738733530044556,0.0,RegressionBlip,0.34536337479949,crabbymetrics,5,0.8.2,1960706048,1000000,527745024,761326592,3.12.9,ok,,15.0,2026-08-26T01:10:45.760221+00:00,0.4597399588674307
,,RegressionBlip,,crabbymetrics,5,,1960706048,10000000,0,5801326592,,preflight_oom,,15.0,2026-08-26T01:10:46.220072+00:00,
0.002425791695713997,0.0,RegressionBlip,0.0005136262625455856,crabbymetrics,10,0.8.2,1960706048,1000,9502720,202446592,3.12.9,ok,,15.0,2026-08-26T01:10:46.220089+00:00,0.06568874977529049
0.006925541907548904,0.0,RegressionBlip,0.004515582695603371,crabbymetrics,10,0.8.2,1960706048,10000,12124160,212526592,3.12.9,ok,,15.0,2026-08-26T01:10:46.285882+00:00,0.1311395838856697
0.052320126444101334,0.0,RegressionBlip,0.04421629197895527,crabbymetrics,10,0.8.2,1960706048,100000,93585408,313326592,3.12.9,ok,,15.0,2026-08-26T01:10:46.417144+00:00,0.1319720409810543
0.5522602908313274,0.0,RegressionBlip,0.4895343352109194,crabbymetrics,10,0.8.2,1960706048,1000000,715456512,1321326592,3.12.9,ok,,15.0,2026-08-26T01:10:46.549249+00:00,0.6450709607452154
,,RegressionBlip,,crabbymetrics,10,,1960706048,10000000,0,11401326592,,preflight_oom,,15.0,2026-08-26T01:10:47.194432+00:00,
0.002879248932003975,0.0,RegressionBlip,0.0009532906115055084,crabbymetrics,20,0.8.2,1960706048,1000,12124160,203566592,3.12.9,ok,,15.0,2026-08-26T01:10:47.194452+00:00,0.0667422916740179
0.011350834742188454,0.0,RegressionBlip,0.008495291694998741,crabbymetrics,20,0.8.2,1960706048,10000,55181312,223726592,3.12.9,ok,,15.0,2026-08-26T01:10:47.261308+00:00,0.13058724999427795
0.10173903964459896,0.0,RegressionBlip,0.08942262455821037,crabbymetrics,20,0.8.2,1960706048,100000,153042944,425326592,3.12.9,ok,,15.0,2026-08-26T01:10:47.392022+00:00,0.19890566729009151
,,RegressionBlip,,crabbymetrics,20,,1960706048,1000000,0,2441326592,,preflight_oom,,15.0,2026-08-26T01:10:47.591064+00:00,
,,RegressionBlip,,crabbymetrics,20,,,10000000,,,,pruned_after_failure,,,,
0.005170417949557304,0.0,RegressionBlip,0.0030856244266033173,crabbymetrics,50,0.8.2,1960706048,1000,9535488,206926592,3.12.9,ok,,15.0,2026-08-26T01:10:47.591084+00:00,0.13052341528236866
0.031364332884550095,0.0,RegressionBlip,0.027190208435058594,crabbymetrics,50,0.8.2,1960706048,10000,66912256,257326592,3.12.9,ok,,15.0,2026-08-26T01:10:47.721732+00:00,0.13128383457660675
0.32631441578269005,0.0,RegressionBlip,0.3020932078361511,crabbymetrics,50,0.8.2,1960706048,100000,278921216,761326592,3.12.9,ok,,15.0,2026-08-26T01:10:47.853153+00:00,0.4492038767784834
,,RegressionBlip,,crabbymetrics,50,,1960706048,1000000,0,5801326592,,preflight_oom,,15.0,2026-08-26T01:10:48.302494+00:00,
,,RegressionBlip,,crabbymetrics,50,,,10000000,,,,pruned_after_failure,,,,
0.013421373441815376,0.0,RegressionBlip,0.0111480001360178,crabbymetrics,100,0.8.2,1960706048,1000,48431104,212526592,3.12.9,ok,,15.0,2026-08-26T01:10:48.302524+00:00,0.13294858112931252
0.09699433296918869,0.0,RegressionBlip,0.09083870984613895,crabbymetrics,100,0.8.2,1960706048,10000,88047616,313326592,3.12.9,ok,,15.0,2026-08-26T01:10:48.435604+00:00,0.1934818346053362
1.0142143350094557,0.0,RegressionBlip,0.9691867902874947,crabbymetrics,100,0.8.2,1960706048,100000,490242048,1321326592,3.12.9,ok,,15.0,2026-08-26T01:10:48.629201+00:00,1.088907541707158
,,RegressionBlip,,crabbymetrics,100,,1960706048,1000000,0,11401326592,,preflight_oom,,15.0,2026-08-26T01:10:49.718198+00:00,
,,RegressionBlip,,crabbymetrics,100,,,10000000,,,,pruned_after_failure,,,,
